id,name,address,time,phone,menu,link
0,화실,서울 노원구 한글비석로20길 62 송림빌딩 101호,,0507-1397-2490,사태&스지 찜 [계절안주] 제철 대하탕 불고기 트러플 크림 파케리™ [계절안주] 토마토 홍합탕 청어알 들기름 냉파스타 명란감자구이 [계절안주] 새우 리조또 들기름 메밀면과 두부구이 청어알 두부쌈 인절미 젤라또 ,https://pcmap.place.naver.com/restaurant/1368525609/home
1,막끌리네,서울 강남구 삼성로104길 17,,02-555-8861,"차돌박이육전 꼬막 살얼음생막걸리 살얼음밤막걸리 프리미엄막걸리 홍어삼합 닭볶음탕(빨간닭,노란닭,까만닭) 도토리묵무침 묵사발 감자전 굴전 고추장찌개 김치제육볶음&두부한모 치즈감자전 김치보쌈 ",https://pcmap.place.naver.com/restaurant/1487106972/home
2,신라의달밤,인천 부평구 광장로30번길 23,,032-516-0365,오징어무침 도토리무침 골뱅이무침 묵사발 가오리찜 ,https://pcmap.place.naver.com/restaurant/1827642796/home
3,시골막걸리,경기 부천시 석천로2번길 64,,032-655-3147,,https://pcmap.place.naver.com/restaurant/1685765272/home
4,교동전선생 광화문점,서울 종로구 새문안로5가길 3 성보빌딩2층,,02-737-4042,모듬전 육전 해물파전 굴전 ,https://pcmap.place.naver.com/restaurant/32848495/home
5,뒷골목전집,경기 수원시 권선구 권광로56번길 17,,070-4064-2747,감자전 안주류 ,https://pcmap.place.naver.com/restaurant/78773752/home
6,막걸리집 갈매기의꿈,인천 남동구 문화로89번길 8-3,,032-433-2030,두부만두전골 (대) 두부만두전골 (중) 두부보쌈 (대) 두부보쌈 (중) 두부김치/ 두부샐러드/ 해물순두부 두부젓국탕 함박갈매기 치즈계란말이 두부피자 모듬전 해물파전 동태전/ 감자전 김치전 홍어전 모듬안주 4인,https://pcmap.place.naver.com/restaurant/37944104/home
7,신당 다락 이팅로프트,서울 중구 퇴계로90길 14-3,,0507-1393-6822,해물 순두부찌개 족조림 아롱사태스지수육 칼뱅이 동래해물파전 장땡이 버섯스지전골 보들탕 곰소 젓갈과 흑임자 두부 주인맘 디쉬 ,https://pcmap.place.naver.com/restaurant/1541747597/home
8,막걸리이야기 서초점,서울 서초구 반포대로28길 21-12,,02-522-1516,감자채전 통영가리비찜 ,https://pcmap.place.naver.com/restaurant/102599437/home
9,초가집,서울 강서구 강서로5나길 50 일성스카이빌,,02-2606-7747,해물파전 ,https://pcmap.place.naver.com/restaurant/37719455/home
10,교동전선생 강남쌍용점,서울 강남구 테헤란로4길 46 138호,,02-565-0850,모듬전 눈꽃감자전 김치전 해물파전 불고기파전 ,https://pcmap.place.naver.com/restaurant/1931398460/home
11,강화찬우물고향생막걸리 가산직영점,서울 금천구 벚꽃로38길 32,,02-854-4674,모듬전 홍어전 해물파전 전병 김치전 미나리전 부추전 고향세트 홍어삼합(편육) 묵은지홍어사시미 ,https://pcmap.place.naver.com/restaurant/20834414/home
12,물뛴다,서울 서대문구 경기대로 43,,02-392-4200,물뛴다 샘플러 저녁) 김치생두부 점심) 두부명란젓국 점심) 소고기뭇국 점심) 한우제물국시 저녁) 몬트락보쌈 두부김치찌개2-3인 두부김치찌개 3-4인 민어찜 정식 얼큰돼지찌개 두부젓국 콩국수 강된장 비빔밥 수제 두부김치 수제두부전,https://pcmap.place.naver.com/restaurant/21025083/home
13,월선네 모란역점,경기 성남시 중원구 산성대로80번길 8 프레젠티아,,031-745-0040,월선네한우국밥 청국장과황태구이 청국장과제육볶음 홍어삼합-소 닭볶음탕-소 제육볶음 두부랑김치 황태구이 동태전 황태전 모듬전 해물파전 ,https://pcmap.place.naver.com/restaurant/37392385/home
14,전통주점 꿀막,서울 은평구 진흥로 185 1층,,0507-1328-7115,차돌순두부전골 제육볶음 해물파전 두부김치제육 ,https://pcmap.place.naver.com/restaurant/1047280746/home
15,포천이동생막걸리,인천 서구 가정로 180,,032-582-5558,,https://pcmap.place.naver.com/restaurant/21491270/home
16,싸립문을밀고들어서니,서울 종로구 인사동길 15-11,,0507-1307-5917,부추전 김치전 도토리묵 두부김치 치즈불닭 ,https://pcmap.place.naver.com/restaurant/1635823354/home
17,동동이네,인천 중구 우현로67번길 33,,032-773-7366,미니닭꼬치 모듬소세지 골뱅이소면 두부김치 왕새우튀김 ,https://pcmap.place.naver.com/restaurant/21801055/home
18,양산골주막,경기 오산시 한신대길 113,,031-377-7371,,https://pcmap.place.naver.com/restaurant/37131480/home
19,막걸리나 2호점,경기 시흥시 호현로22번길 20,,,,https://pcmap.place.naver.com/restaurant/31618311/home
20,부쳐부쳐부침개,경기 안양시 만안구 안양로405번길 24,,031-465-9995,모듬전 동태전 녹두전 김치전 감자전 동태탕 메밀전병 닭발 ,https://pcmap.place.naver.com/restaurant/37137835/home
21,뉴욕막걸리,서울 마포구 양화로6길 21 1층 별관 뉴욕막걸리,,0507-1334-4878,오징어순대 고기 김치전 고기 녹두전 해물파전 감자전 도토리묵 골뱅이무침 숯불 춘천닭갈비 더덕구이 숯불 두루치기 해물떡볶이 명란구이 두부김치 얼큰 알탕 해물 계란탕 ,https://pcmap.place.naver.com/restaurant/21235648/home
22,교동전선생 잠실점,서울 송파구 올림픽로35가길 9 잠실 푸르지오 월드마크,,02-424-1202,모듬전 ,https://pcmap.place.naver.com/restaurant/34240476/home
23,열차집,서울 종로구 종로7길 47,,02-734-2849,"원조빈대떡(3장) 굴전 해물파전 조개탕 두부전, 데침 고기 빈대떡(3장)",https://pcmap.place.naver.com/restaurant/11626180/home
24,옛고을주막,경기 안양시 동안구 평촌대로223번길 65 범계빌딩 B04호,,031-466-8600,해물파전 ,https://pcmap.place.naver.com/restaurant/1826470806/home
25,늘마중,서울 종로구 인사동10길 11-5 1층,,02-730-2985,,https://pcmap.place.naver.com/restaurant/21627245/home
26,주막집,인천 연수구 청학로6번길 86,,032-832-8494,번게기탕 두부탕 돼지김치찌개 코다리조림 닭볶음탕 가자미구이 갈치구이 ,https://pcmap.place.naver.com/restaurant/38368281/home
27,전주전통막걸리,서울 서초구 사평대로 362 1층 102호,,02-532-8584,도토리묵무침 사계절주 꼬막데침.무침 홍어삼합.찜(중) 해물파전 부추전 감자전 목살고추장찌개 대구탕 십칠주 백수환동주 무영막걸리 마막걸리 감칠주 ,https://pcmap.place.naver.com/restaurant/1532582199/home
28,행복한집,서울 종로구 돈화문로11길 20,,02-747-2324,,https://pcmap.place.naver.com/restaurant/32745780/home
29,흰고개검은고개,인천 미추홀구 석정로 204,,032-881-2493,,https://pcmap.place.naver.com/restaurant/16427311/home
30,속에천불청송얼음막걸리 신대방점,서울 관악구 조원중앙로 50,,0507-1357-5576,누룽지감자전 두부김치 똥집볶음 무뼈닭발 골뱅이 무침 해물파전 매생이굴전 정구지전 김치전 야채고추전 돌미나리전 메밀전병 제육볶음 오돌뼈 볶음 낚지볶음 ,https://pcmap.place.naver.com/restaurant/18727595/home
31,왕빈자전통주막 화랑대본점,서울 노원구 노원로 3 1층 104호,,0507-1460-3233,오징어순대 모듬전 매콤찍먹전 베이컨김치치즈전 불고기치즈파전 치즈감자전 허니치즈고구마전 해물파전 갑오징어숙회 골뱅이무침 시골돼지애호박찌개 삼겹두부김치 ,https://pcmap.place.naver.com/restaurant/1303505026/home
32,방자전,경기 화성시 동탄중심상가2길 29 세림프라자 104호,,031-613-2752,,https://pcmap.place.naver.com/restaurant/21119193/home
33,정작가의 막걸리집 1호점 정말작은가게,서울 동작구 동작대로33가길 5 1층,,0507-1403-1048,순대크림스튜 수소문 ,https://pcmap.place.naver.com/restaurant/452248678/home
34,본동 주막,서울 강서구 화곡로 194-5 1층 본동주막,,0507-1370-8988,미니전 만두속전 깻잎전 동태전 굴전 골뱅이 무침 도토리묵 무침 오징어순대 떡갈비 삼겹야채볶음 항정살양념구이 김치찌개 오뎅탕 떡볶이 파김치 ,https://pcmap.place.naver.com/restaurant/1504013134/home
35,취아전,인천 남동구 담방로48번길 13-5,,032-466-6573,해물파전 김치해물전 부추전 두부전 박대구이 ,https://pcmap.place.naver.com/restaurant/16846795/home
36,원두막,인천 미추홀구 미추홀대로734번길 36,,,세트A 세트B 세트C 세트D 김치전/부추전/호박채전/옛날소세지전 계란후라이/계란말이 닭도리탕  대 감자탕   대 ,https://pcmap.place.naver.com/restaurant/21487930/home
37,교동전선생 천호역점,서울 강동구 올림픽로70길 33 교동전선생,,02-6101-9293,모둠전(소) 골뱅이소면 목살김치찌개 고추장불고기 얼큰김치칼제비 해물파전 수육정식 제육정식 ,https://pcmap.place.naver.com/restaurant/342792946/home
38,향꽃,서울 서대문구 연세로7안길 39,,0504-1845-4064,,https://pcmap.place.naver.com/restaurant/11857668/home
39,청산에물흐르고,경기 수원시 영통구 영통로214번길 41 토야 플라자,,031-245-1004,닭도리탕 김치찌개 바지락술국 해물파전 제육볶음 쭈꾸미볶음 골뱅이무침 먹태 ,https://pcmap.place.naver.com/restaurant/32102376/home
40,산넘어남촌에는,경기 안양시 만안구 예술공원로 189,,031-474-9799,해물미나리전 해물부추전 해물김치전 매생이전 ,https://pcmap.place.naver.com/restaurant/1216818389/home
41,교동전선생 서소문점,서울 중구 서소문로 134-10,,02-310-9909,김치찌개 정식 된장찌개 정식 순두부찌개 정식 계란찜 정식 모듬전 고추장불고기정식 ,https://pcmap.place.naver.com/restaurant/33705336/home
42,총각집,"서울 광진구 아차산로55길 30 1층 총각집, 구의역 2번출구 도보3분강변역4번출구 도보 17분",,0507-1416-9212,골뱅이무침(ft.파스타) 수제고추튀김 수육과 김치 순두부버섯전골 마른안주3종 해물파전과 야채무침 한우육회물회 바지락술찜 우삼겹폭탄비빔라면 두부강정 에그베이컨감자채전과 야채무침 두부전과 어리굴젓 닭곱창튀김 과메기,https://pcmap.place.naver.com/restaurant/1392914912/home
43,지짐이랑막걸리랑,경기 부천시 부광로 9,,,고등어구이 핫숯불모듬소세지 담백한삼치모듬구이 임연수구이 서대구이 ,https://pcmap.place.naver.com/restaurant/37319140/home
44,토담골,경기 김포시 돌문로62번길 5-14,,031-981-7993,,https://pcmap.place.naver.com/restaurant/36799427/home
45,막걸리촌,서울 영등포구 당산로49길 8,,02-2633-9289,,https://pcmap.place.naver.com/restaurant/31467064/home
46,민속주점 초가삼간,서울 마포구 도화길 14-4,,02-711-3391,파전 햄구이 김치전 부추전 호박전 ,https://pcmap.place.naver.com/restaurant/1565003208/home
47,전이랑막걸리랑,인천 연수구 먼우금로252번길 27-1,,032-812-0208,,https://pcmap.place.naver.com/restaurant/1015856974/home
48,전초전,서울 중랑구 사가정로51길 39,,02-2207-8892,,https://pcmap.place.naver.com/restaurant/20826919/home
49,청사초롱,서울 강동구 진황도로 4,,02-474-7456,,https://pcmap.place.naver.com/restaurant/18601626/home
50,죽마고우,경기 수원시 팔달구 화양로35번길 14-1,,031-244-5568,,https://pcmap.place.naver.com/restaurant/1568363838/home
51,막리단길 동탄산척점,경기 화성시 동탄산척로2가길 34 103호,,031-375-7537,막리단길 쟁반술상 ,https://pcmap.place.naver.com/restaurant/1780563967/home
52,막걸리전당,서울 관악구 봉천로 461-1 1층,,0507-1407-7103,국산전두부와볶음김치 *SIGNATURE 전당모듬전 *BEST 옛날모듬전 체다듬뿍감자전 전당쌀떡볶이 골뱅이무침 한돈육전 홍어무침 모짜렐라김치전 내맘대로세가지전 송명섭막걸리 해창막걸리9도 칠곡신동막걸리 금정산성막걸리 복순도가 샴페인 막걸리,https://pcmap.place.naver.com/restaurant/1044104104/home
53,옹기종기,서울 성북구 동소문로24가길 21,,02-928-3833,햄치즈순두부 해물순두부 해물집된장 전주콩나물국밥 얼큰육개장 ,https://pcmap.place.naver.com/restaurant/20870529/home
54,지화자,서울 성북구 돌곶이로 197 1층,,0507-1397-0241,육회 아롱사태수육 소고기찜 참소라무침 쭈꾸미볶음 치즈감자전 닭발편육 청어알두부쌈 ,https://pcmap.place.naver.com/restaurant/1748678117/home
55,월선네 압구정점,서울 강남구 논현로 874 진성빌딩,,02-546-0059,월선네국밥 육개장 전고추장찌개 들깨수제비 바지락수제비 제육쌈정식 청국장 묵사발정식 ,https://pcmap.place.naver.com/restaurant/19707868/home
56,막걸리싸롱 마곡나루점,서울 강서구 마곡서로 152 두산더랜드타워 A동 1층 111호,,010-8121-3370,과일막걸리 해물수북파전 과일스무디 치즈김치전 윷막걸리세트(A) 해물짬뽕탕 닭도리탕 ,https://pcmap.place.naver.com/restaurant/1387606649/home
57,두레박민속주점,경기 과천시 별양상가2로 20,,02-507-2680,닭불꼬치구이 모듬소세지 대하 낙지볶음 오돌뼈볶음 ,https://pcmap.place.naver.com/restaurant/1175674727/home
58,막샵,서울 관악구 신림동길 17,,02-888-6201,하얀연꽃막걸리 꿀막걸리 알밤막걸리 ,https://pcmap.place.naver.com/restaurant/31134942/home
59,담다,서울 서초구 강남대로30길 72,,02-579-0304,청명주 ,https://pcmap.place.naver.com/restaurant/1160870772/home
60,촌구석민속전,경기 안양시 만안구 안양로405번길 28,,031-447-8880,모듬전 김치전 부추전 닭똥집 동태전 ,https://pcmap.place.naver.com/restaurant/21136761/home
61,초월집,서울 마포구 독막로7길 45 2층 초월집,,,초월 소고기 스지 전골 고추장 로제 모듬순대 페퍼로니 치즈 감자전 크림 낙지 육회 바지락 크림 술찜 명란 감바스 석탄 튀김 시저 샐러드 베이컨 루꼴라 말이 ,https://pcmap.place.naver.com/restaurant/1495799171/home
62,최고집,서울 관악구 신림로59길 15-12,,02-871-3365,모듬전 해물파전 치즈감자전 ,https://pcmap.place.naver.com/restaurant/19889354/home
63,산장,서울 마포구 와우산로18길 10 1층,,02-322-3637,닭볶음탕 해물파전 얼큰한 알탕 감자전 낙지철판 버섯제육철판 불낙지철판 불오징어철판 낙지볶음소면 ,https://pcmap.place.naver.com/restaurant/13101696/home
64,교동전선생 보라매점,서울 관악구 봉천로7길 31,,070-4255-0410,"모듬전 김치,순두부,된장,해물계란찜 정식세트 해물파전 굴전 감자전 김치전 제육볶음 정식세트 두부김치 홍합탕 막걸리 한 주전자 알밤 막걸리 동그랑땡 동태전 삼색전 부추전 ",https://pcmap.place.naver.com/restaurant/20502764/home
65,잔치집,서울 영등포구 영등포로50길 5-1,,02-2633-3331,잔치집모둠전 잡고기 매운탕 닭도리탕 무뼈닭발 통마늘닭똥집 차돌된장찌개 돼지김치찌개 부대찌개 참치김치찌개 고기순두부 콩비지 알탕 동태찌개 오삼불고기 오징어볶음사리 ,https://pcmap.place.naver.com/restaurant/13577631/home
66,미주류 어린이대공원역점,서울 광진구 동일로32길 18,,0507-1318-6409,한돈보쌈 한우육회 등심튀김 치즈감자전 청어알&두부 쭈꾸미볶음&소면 해물파전 메밀전병 동그랑땡전 감태밥 ,https://pcmap.place.naver.com/restaurant/1425107833/home
67,거나하게,서울 강남구 역삼로14길 10 1층 거나하게,,0507-1324-1242,갓김치를 곁들인 삼겹살조림 살치살 타다끼 항정살 된장 구이 새우 파전 육전과 참나물 무침 칼빔면 두부 탕수 닭껍질 만두 닭볶음탕 거나하게 튀김 ,https://pcmap.place.naver.com/restaurant/1159615817/home
68,종로주막 부천본점,경기 부천시 신흥로46번길 57,,032-612-4542,모듬전 해물파전 알새우전 홍어무침 오징어볶음 닭똥집 부대찌개 닭볶음탕 ,https://pcmap.place.naver.com/restaurant/1502916479/home
69,옛골주막,경기 광명시 하안로287번길 22 신영빌딩 2층,,010-6288-6280,해물파전 김치전 부추야채전 김치&부추 반반 감자전 메밀전병 숮불막창 국물닭발 골뱅이무침 코다리 양념구이 돼지껍데기 닭볶음탕 굴짬뽕탕 해물누룽지 황태탕 ,https://pcmap.place.naver.com/restaurant/1933644715/home
70,풍년왕막걸리 석남점,인천 서구 신석로 83,,032-582-8158,김치보쌈 대 김치보쌈 소 일반보쌈 삼합 황태보쌈 해물누룽지탕 ,https://pcmap.place.naver.com/restaurant/36003809/home
71,짚동가리쌩주 서현점,경기 성남시 분당구 황새울로360번길 28 은성프라자 201호,,031-708-1377,사골해물어묵탕 게살퐁당계란탕 수육짜글이 ,https://pcmap.place.naver.com/restaurant/33674784/home
72,금잔화,서울 강북구 월계로7길 42 1층,,0507-1353-6316,,https://pcmap.place.naver.com/restaurant/1736325791/home
73,인동주마을,경기 부천시 평천로 702-7,,032-682-7889,홍어삼합 국내산 홍어삼함 국산+칠레 홍어찜 홍어무침 인동주웃주 ,https://pcmap.place.naver.com/restaurant/19856449/home
74,신평양조장,충남 당진시 신평면 신평로 813 신평양조장,,041-362-6080,단체체험- 명인연잎주빚기 (15인~) 개인체험- 한지공예 등만들기 체험 단체체험- 막걸리소믈리에Class 단체체험- 누룩전만들기(15인~) 개인체험 - 쌀누룩입욕제 만들기,https://pcmap.place.naver.com/restaurant/13434196/home
75,교동전선생 종로구청점,서울 종로구 삼봉로 62,,0507-1314-9909,초당두부짜글이 하얀강릉초당순두부 모듬전 소고기육전 ,https://pcmap.place.naver.com/restaurant/299672608/home
76,전장터,경기 용인시 수지구 문인로31번길 3-6 1층 전장터,,0507-1409-2622,백두산 모듬전 찌개 해물부추전 김치전 호박채전 감자채전 치즈고추전 대패삼겹 깻잎전 골뱅이소면 마른안주 셋트 통뼈 국물 닭발 두부 제육 김치 장터라면 대패삼겹 숙주볶음 로제떡볶이 간장 계란 볶음밥 ,https://pcmap.place.naver.com/restaurant/1461625781/home
77,놀부전흥부전,서울 구로구 경인로25길 21,,02-2611-3225,,https://pcmap.place.naver.com/restaurant/38003428/home
78,전초전 삼선교점,서울 성북구 삼선교로 34-1,,02-742-9134,,https://pcmap.place.naver.com/restaurant/21399191/home
79,반층집,서울 영등포구 당산로32길 7-4 1.5층,,070-8691-1231,,https://pcmap.place.naver.com/restaurant/1122281983/home
80,그때그집 별관,서울 강남구 삼성로100길 16 한화빌딩,,02-539-0053,,https://pcmap.place.naver.com/restaurant/18817897/home
81,만석골,서울 종로구 돈화문로11길 18,,02-745-1942,양선지국 김치찌개 청국장 오징어볶음 녹두전 오삼불고기 육전 모듬 해물파전 굴전 감자전 동태전 새우전 김치전 부추전 ,https://pcmap.place.naver.com/restaurant/32848729/home
82,미스터비어드,경기 성남시 수정구 위례서일로3길 27-6 미스터비어드,,0507-1353-9772,이달의메뉴 ,https://pcmap.place.naver.com/restaurant/1385904681/home
83,연대포,서울 서대문구 연세로7길 26,,02-3141-3131,모듬전 고추튀김 해물파전 왕족발(칠레산) 훈제치킨(국내산) 감자전 김치전 반반전 반반파전 김치해물파전 ,https://pcmap.place.naver.com/restaurant/38275441/home
84,한계령 선학본점,인천 연수구 학나래로6번길 11,,032-819-0080,동해막국수 ,https://pcmap.place.naver.com/restaurant/21490326/home
85,서울막걸리,경기 안양시 만안구 양화로135번길 23,,031-464-7550,,https://pcmap.place.naver.com/restaurant/37145081/home
86,술이송송,서울 광진구 아차산로29길 41 2층,,0507-1306-7731,"막걸리,전통주 안주 ",https://pcmap.place.naver.com/restaurant/37269391/home
87,탈롱드청담,서울 강남구 압구정로79길 37-6 1층,,0507-1363-5159,탈롱 오일 파스타 청어알 파스타 항정살 보쌈 미나리 파스타 치즈감자전 삼계 닭튀김 두부크림을 곁들인 갑오징어 버터구이 문어 세비체 ,https://pcmap.place.naver.com/restaurant/1503686647/home
88,짚동가리쌩주 숭실대점,서울 동작구 상도로61길 44,,02-812-2010,,https://pcmap.place.naver.com/restaurant/12964785/home
89,막끌리나,인천 부평구 경원대로1403번길 34 3층,,0507-1409-1305,,https://pcmap.place.naver.com/restaurant/38300550/home
90,청학동지짐이,경기 군포시 산본동 1119-1,,031-392-3944,,https://pcmap.place.naver.com/restaurant/32213512/home
91,여정막걸리,서울 동작구 동작대로3길 10,,02-585-0515,문어숙회 가리비 새꼬막 과메기 홍어삼합 해물부추전 간재미회무침 막걸리 수육 간재미찜 가오리회무침 생선구이 해물김치전 ,https://pcmap.place.naver.com/restaurant/1863339544/home
92,페페,서울 서초구 언남길 64 덕성빌딩 1층,,0507-1319-1484,수제맥주 막걸리 ,https://pcmap.place.naver.com/restaurant/1769217786/home
93,교동전선생 석계역점,서울 노원구 화랑로 337-15 2층,,02-943-1870,,
94,왕빈자전통주막 경안점,경기 광주시 경안로 14-11 광동빌딩 1층,,0507-1435-3018,모듬전 조개탕 해물파전 베이컨김치치즈전 체다 치즈감자전 도토리묵 사골 오뎅탕 골뱅이무침 물뱅이&소면 우삼겹떡볶이 우삼겹짜글이 비빔국수 먹태 도토리묵 물뱅이&소면 ,https://pcmap.place.naver.com/restaurant/1519922687/home
95,왕빈자전통주막 봉천역점,서울 관악구 남부순환로 1739-3,,02-877-5557,모듬전 치즈전 해물파전 연탄불고기 꼬막무침 우삼겹떡볶이 갑오징어숙회 골뱅이무침 물뱅이 낙지볶음 쭈꾸미볶음 먹태 유부오뎅탕 도토리묵무침 조개탕 ,https://pcmap.place.naver.com/restaurant/1133516468/home
96,옛날옛적에,서울 은평구 은평로9길 30,,02-354-5228,홍어삼합 한방보쌈 해물파전 오늘의메뉴(점심밥상) 들깨버섯탕(3-4인) 과메기 (겨울철) 토종닭볶음탕 엄나무 오리백숙 엄나무 토종 닭백숙 코다리찜 삽겹살 김치찜 홍어탕 해물순두부 꽃게찌개 제육볶음,https://pcmap.place.naver.com/restaurant/18086243/home
97,경성주막,서울 동대문구 천호대로 7-10,,02-928-5778,,https://pcmap.place.naver.com/restaurant/37019384/home
98,전초전 쌍문역점,서울 도봉구 도봉로110나길 13,,02-997-7997,모듬전 부추전 김치전 배추전 통돼지 김치찌개 감자전 두부전 치즈김치전 깻잎전 호박전 동그랑땡 고기김치전 해물김치전 해물부추전 동태전 ,https://pcmap.place.naver.com/restaurant/30982455/home
99,멍텅구리육천냥하우스,서울 은평구 역말로 24,,02-355-1186,김치찜 대 매운돼지갈비찜 대 묵은지갈비찜 대 묵은지닭볶음탕 굴보쌈 대 ,https://pcmap.place.naver.com/restaurant/687214047/home
100,파전한판,경기 수원시 영통구 청명북로7번길 6,,031-204-1292,"해물 파전, 부추전, 김치전, 녹두전 등 굴파전, 모듬전, 굴전, 동그랑땡 등 솥뚜껑파전(동래파전) 해물탕, 어묵탕, 김치찌개, 두부김치 해물찜, 골뱅이무침, 돈껍데기, 과메기 등 전메뉴포장판매, 생반죽, 생막걸리판매 ",https://pcmap.place.naver.com/restaurant/11738095/home
101,교동전선생 문래점,서울 영등포구 경인로 775,,02-322-6487,김치뚝배기 된장뚝배기 순두부찌개 해물계란찜 쭈꾸미볶음 ,https://pcmap.place.naver.com/restaurant/1138910196/home
102,월선네 상암점,서울 마포구 월드컵북로54길 17 2층 217호,,0507-1485-9779,,https://pcmap.place.naver.com/restaurant/1943114098/home
103,그주막,서울 광진구 동일로22길 59 B1,,02-499-1605,막걸리 그주막인생전요리 도토리묵 전세트 두부김치 전세트 닭볶음탕 전세트 ,https://pcmap.place.naver.com/restaurant/33657476/home
104,놀부주막,경기 화성시 병점로 48 1층 101호,,0507-1326-0363,모듬전 육전 해물파전 새우전 동그랑땡 꼬치전 고추전 동태전 깻잎전 해물김치전 부추전 두부전 동태+깻잎 동태+고추 고추+깻잎 ,https://pcmap.place.naver.com/restaurant/1844847381/home
105,박달재,경기 평택시 안중읍 현화중앙길 1 세연프라자,,031-684-6304,,https://pcmap.place.naver.com/restaurant/20808296/home
106,행복전 초지동점,경기 안산시 단원구 초지2로 67-7 한양타워,,031-411-1833,,https://pcmap.place.naver.com/restaurant/13508292/home
107,명동주가,경기 안산시 단원구 초지2로 67-11 초지동 107호 1층 명동주가,,031-319-7720,"낙지소면 삼겹볶음 닭매운탕 돼지숙주볶음 파전 코다리구이 매콤주꾸미볶음 삼합(대) 삼합(중) 보쌈(대) 보쌈(중) 낚지차돌밖이철판 이외 탕,전류 다수 ",https://pcmap.place.naver.com/restaurant/291783538/home
108,슈릅,경기 안산시 단원구 광덕대로 174,,031-403-4308,,https://pcmap.place.naver.com/restaurant/1531531413/home
109,홍당무,경기 안산시 상록구 한양대학로 48,,031-503-2297,멸치 칼국수 바지락 칼국수 들깨 칼국수 비빔 칼국수 만둣국 ,https://pcmap.place.naver.com/restaurant/33085358/home
110,구포국수,경기 안산시 단원구 초지2로 67-11 두산타운,,031-405-9894,멸치국수 ,https://pcmap.place.naver.com/restaurant/21834306/home
111,전이랑술이랑,경기 안산시 단원구 광덕3로 175-3 21세기타운,,031-419-5331,모듬전 해물파전 굴전 감자전 김치전 부추장떡 부추전 누룽지동동주 쌀막걸리 장수막걸리 ,https://pcmap.place.naver.com/restaurant/37309382/home
112,민속주점주담,경기 안산시 단원구 광덕3로 167-18,,,,https://pcmap.place.naver.com/restaurant/1203969721/home
113,대박전 중앙점,경기 안산시 단원구 고잔1길 45 G.M프라자,,031-485-1889,태극전 대박set1 태극전+찌개선택1 대박set2 모듬전中+찌개선택1 대박set3 김치전+도토리묵무침or살얼음묵사발 대박치즈전 동태전 애호박전 모듬전 中 모듬전 大 오징어순대전 매운김치전병 홍두깨육전 감자전 김치전 매운김치전,https://pcmap.place.naver.com/restaurant/33068345/home
114,우리동네해물파전,경기 안산시 상록구 항가울로 19,,031-502-0333,,https://pcmap.place.naver.com/restaurant/31728975/home
115,옥향민속주점,경기 안산시 상록구 서암로 5,,,,https://pcmap.place.naver.com/restaurant/18999395/home
116,민속전,경기 안산시 단원구 고잔로 112 신광프라자,,031-403-9927,,https://pcmap.place.naver.com/restaurant/33060879/home
117,전국민,경기 안산시 단원구 고잔로 112 신광프라자,,031-413-1880,,https://pcmap.place.naver.com/restaurant/33068375/home
118,토인민속주점,경기 안산시 단원구 와개1길 13 1층,,031-487-8951,오징어초무침 골뱅이 소면 낙지소면 두부김치 항아리수제비1인분 계란말이 모듬감자튀김 왕새우튀김 후라이드치킨 양념치킨 닭도리탕(대) 알탕 해물파전 부추전 김치전,https://pcmap.place.naver.com/restaurant/31640475/home
119,미혹,경기 안산시 단원구 초지2로 67-7 1층 124호,,0507-1479-0317,안산 최대 지역 전통주 / 제철 메뉴 ,https://pcmap.place.naver.com/restaurant/1927538056/home
120,한우물,경기 안산시 상록구 석호로 364,,031-502-8552,우렁부추전 홍어삼합  해물파전 닭발볶음 도토리묵묵무침  계란말이 골뱅이무침 김치전 훈제오리리야채쌈  감자전 산나물전 두부김치 ,https://pcmap.place.naver.com/restaurant/37708623/home
121,광장민속주점,경기 안산시 상록구 예술광장1로 124,,031-410-5743,,https://pcmap.place.naver.com/restaurant/1522170498/home
122,청송얼음골막걸리 부곡점,경기 안산시 상록구 정재로2길 1,,031-415-1566,,
123,전주전집,서울 동작구 동작대로7길 19,,02-581-1419,꿀돼지 삼겹전 동그랑땡 전병 감자전 김치전 깻잎전 / 고추전 배추전 / 두부전 / 부추전 / 호박전 표고버섯전 소고기 안심전 녹두전 홍어무침 홍어회 해물파전 해물김치전 암행어사 세트(7~8인),https://pcmap.place.naver.com/restaurant/13419356/home
124,묵전,서울 강남구 언주로168길 22,,02-548-1461,,https://pcmap.place.naver.com/restaurant/20384015/home
125,주전자속에얼음막걸리 신길점,경기 안산시 단원구 신길중앙로 9-1,,,,https://pcmap.place.naver.com/restaurant/37147979/home
126,목로주점,인천 서구 가정로 202,,032-571-5943,보쌈 중 감자탕 파전 수육추가 굴무침추가 보쌈 대 보쌈 소 ,https://pcmap.place.naver.com/restaurant/19882084/home
127,우리술집 다람쥐,서울 종로구 서순라길 101 1층,,070-4258-8880,다람쥐 순두부찌개 ,https://pcmap.place.naver.com/restaurant/1710471391/home
128,장군집 본점,서울 관악구 청룡2길 19,,02-882-0562,기본한상 막걸리 3병+안주 볶음삼겹살 매콤 파 삼겹살 골뱅이+소면 홍어사시미 홍어찜 김치찌개 동태찌개 낙지데침 계란말이 꼬막 머리고기 김치전 파전,https://pcmap.place.naver.com/restaurant/13566449/home
129,대반전 신풍역점,서울 영등포구 신길로 108 남서울아파트,,0507-1404-2778,명절전세트 모듬전무한리필+곱도리탕中 모듬전무한리필+매운갈비찜 모듬전무한리필+닭볶음탐 모듬전무한리필+국물닭발 모듬전무한리필 해물파전 ,https://pcmap.place.naver.com/restaurant/13540350/home
130,다모토리 히읗,서울 용산구 신흥로 31 1층,,070-8950-8362,복순도가 갈비구이와 부추샐러드 샘플러 막걸리 한세트 해물김치전 부추 버섯전 골뱅이무침 다모토리 육회 베이컨 치즈 계란말이 치즈 불 제육 도토리묵 무침 고등어 구이 ,https://pcmap.place.naver.com/restaurant/20604959/home
131,화성탁주,경기 화성시 남양읍 송림로 24,,031-353-0020,,https://pcmap.place.naver.com/restaurant/20080944/home
132,술익는마을,서울 서대문구 연세로7길 22,,02-338-1190,해물파전 김치삼겹살 해물떡볶이 매운닭발 참치다다끼 부추전 김치전 해물라면짬뽕탕 매콤한고추장찌개 알탕 밀푀유나베 닭볶음탕 간사이오뎅탕 모듬해물탕 해물누룽지탕 ,https://pcmap.place.naver.com/restaurant/13154001/home
133,백곰막걸리,서울 강남구 압구정로48길 39 1-2층,,0507-1377-7644,,https://pcmap.place.naver.com/restaurant/38010707/home
134,전싸롱,경기 수원시 팔달구 경수대로446번길 62 1층,,0507-1496-2728,,https://pcmap.place.naver.com/restaurant/1203185774/home
135,나그네민속주점,경기 시흥시 중심상가로 158,,031-319-4903,,https://pcmap.place.naver.com/restaurant/1173649314/home
136,교동전선생산본,경기 군포시 산본로323번길 15 동산상가,,031-393-1700,모듬전 육전 2색 전 반반전 해물파전 굴전 감자전/김치전/부추전 골뱅이소면 두부김치 통돼지 김치찌개 어묵탕 도토리묵 순두부계란찌개 김치찌개 잔치국수,https://pcmap.place.naver.com/restaurant/21908738/home
137,별주막,경기 군포시 산본로343번길 23 옥산프라자 205-206호,,0507-1310-7016,막걸리 ,https://pcmap.place.naver.com/restaurant/1534247950/home
138,양반전,경기 화성시 병점동로164번길 38 1층 양반전,,031-226-6626,,https://pcmap.place.naver.com/restaurant/21913396/home
139,교동전선생 서울시청점,"서울 중구 남대문로9길 40 센터플레이스 1층 104,105호",,02-6031-8949,모듬전 고향막걸리(大) 해물파전 생새우미나리전 지평막걸리 ,https://pcmap.place.naver.com/restaurant/20455851/home
140,막걸리싸롱,서울 마포구 와우산로21길 12-6 1층,,02-324-1518,,https://pcmap.place.naver.com/restaurant/13489752/home
141,교동전선생 동여의도점,서울 영등포구 의사당대로1길 25 하남빌딩 117호 118호,,02-786-7686,김치찌개 정식 된장찌개 정식 고추장 불고기정식 순두부찌개 정식 해물계란찜 정식 ,https://pcmap.place.naver.com/restaurant/18592448/home
142,학술적연구소,서울 종로구 보문로1길 7-4 1층,,0507-1465-8101,,https://pcmap.place.naver.com/restaurant/138491709/home
143,우아한막걸리,경기 안양시 동안구 동편로27번길 7 동편로27번길7 1층 대로변,,0507-1405-6411,한우육회와 참문어 ,https://pcmap.place.naver.com/restaurant/37421299/home
144,연남주막1987,서울 마포구 동교로 212-5,,070-4143-1987,,https://pcmap.place.naver.com/restaurant/1252808612/home
145,피팅룸,경기 수원시 영통구 센트럴파크로127번길 131-6 1층,,0507-1478-9301,스지전골 동파육 버섯 구이 ,https://pcmap.place.naver.com/restaurant/1301812471/home
146,월선네 분당구미점,경기 성남시 분당구 성남대로 51 162호,,0507-1427-3385,,https://pcmap.place.naver.com/restaurant/1457527969/home
147,노천파전,서울 동대문구 회기로28길 3,,02-968-2494,떡만두국 오뎅국수 꼬막찜 굴전 홍합탕 ,https://pcmap.place.naver.com/restaurant/19728386/home
148,서울주막,경기 부천시 범안로 54 그린홈프라자,,,,https://pcmap.place.naver.com/restaurant/1236465611/home
149,장끼전,서울 마포구 성미산로 190-33 B1,,010-2436-1633,,https://pcmap.place.naver.com/restaurant/1073051359/home
150,미주류 본점,서울 광진구 면목로 31 1층,,0507-1301-4864,한돈보쌈 한우육회 치즈감자전 등심튀김 청어알&두부 메밀전병 쭈꾸미볶음&소면 해물파전 감태밥 동그랑땡전 생골뱅이 무침 애호박전&건명태무침 ,https://pcmap.place.naver.com/restaurant/1331438803/home
151,사랑방,서울 강남구 봉은사로1길 9,,02-515-4699,,https://pcmap.place.naver.com/restaurant/19896339/home
152,심마니,서울 광진구 아차산로31길 20-4,,02-469-1113,막걸리 김치전 해물파전 해물부추전 심마니전 쥐포 계란말이 계란탕 순두부찌개 두부김치 돼지찌개 참치찌개 알탕 골뱅이 쭈꾸미볶음 ,https://pcmap.place.naver.com/restaurant/13420134/home
153,대청마루,경기 수원시 팔달구 향교로 19 농강빌딩,,0507-1352-7565,,https://pcmap.place.naver.com/restaurant/32389954/home
154,종부네,서울 동작구 동작대로27가길 37 2층,,010-4305-1805,1+한우양념육회 통골뱅이파무침 국내산김치듬뿍김치전 김치제육볶음 전통주잔술 주류및 음료 한우육전 치즈감자채전 종부네파전 1+한우육회 오뱅새세트 오뎅전골 마약옥수수전,https://pcmap.place.naver.com/restaurant/1723616331/home
155,교동전선생 목동점,서울 양천구 목동동로 233-1 드림타워,,02-6342-0102,,https://pcmap.place.naver.com/restaurant/138328317/home
156,막걸리학교,서울 동작구 동작대로25길 41,,02-6012-6550,,https://pcmap.place.naver.com/restaurant/31243351/home
157,작은집,서울 양천구 신월로10길 16 110호 작은집,,0507-1423-0806,,https://pcmap.place.naver.com/restaurant/1378387298/home
158,도솔마을,경기 성남시 분당구 내정로113번길 6 1층,,0507-1437-3601,,https://pcmap.place.naver.com/restaurant/12053230/home
159,왕빈자전통주막 송도점,인천 연수구 아트센터대로 107 301동 1층 109호,,070-7543-7338,,https://pcmap.place.naver.com/restaurant/1772771101/home
160,화양주막,서울 광진구 아차산로27길 4 1층,,02-3409-7337,곱도리탕 육새우전 차돌만두전골 치즈감자채전 콘치즈김치전 삼겹김치전골 차도리탕 옛날 순두부전골 참치김치전골 삼겹두부김치 편도리묵 골뱅이 묵무침 육전 삼도리탕 닭도리탕 ,https://pcmap.place.naver.com/restaurant/1543365871/home
161,호호알락막걸리카페 본점,인천 부평구 경원대로1431번길 44 2층,,0507-1321-3894,,https://pcmap.place.naver.com/restaurant/33617982/home
162,월매 민속주점,서울 관악구 남현1길 58,,02-585-7717,모듬전 가오리찜 해물파전 월매해물잡탕 두부오징어두루치기 홍어삼합 홍어회 홍어회무침 치킨+감자튀김 후라이드치킨 묵은지돼지김치찜 해물누룽지탕 오뎅탕 두부전골 부대찌개 ,https://pcmap.place.naver.com/restaurant/13428722/home
163,좋은날목로주점,인천 남동구 독곡로48번길 28,,032-461-6670,오징어초무침 오삼겹볶음 돼지김치두루치기 가오리찜 고추장삼겹볶음 ,https://pcmap.place.naver.com/restaurant/1853513168/home
164,주주마당,경기 광명시 오리로 1005,,02-2683-4504,,https://pcmap.place.naver.com/restaurant/17872861/home
165,돌아온 김삿갓,서울 서대문구 연세로7안길 4,,02-323-7589,,https://pcmap.place.naver.com/restaurant/18748328/home
166,버킷,경기 부천시 신흥로 170-1,,0507-1377-3037,슈바인학센 ,https://pcmap.place.naver.com/restaurant/1289531549/home
167,항아리,경기 오산시 원동로37번길 29 항아리,,031-8043-1932,A코스 B코스 C코스 D코스 과일 골뱅이무침-대 골뱅이무침-소 골뱅이 물회 오삼볶음 치킨너겟 과일화채 육포 마른오징어 노가리 모듬소세지볶음 ,https://pcmap.place.naver.com/restaurant/51871056/home
168,추억속으로,인천 계양구 계산새로 93 205호,,0507-1398-3550,,https://pcmap.place.naver.com/restaurant/1183462316/home
169,연대포 분점,서울 서대문구 연세로9길 17 1층,,0507-1376-7603,반반전 ,https://pcmap.place.naver.com/restaurant/1194106234/home
170,작,서울 강남구 논현로95길 14 101호,,02-501-2342,우리술 ,https://pcmap.place.naver.com/restaurant/38709366/home
171,전과막국수하우스,인천 연수구 샘말로 15-1 1층,,0507-1464-0887,모둠전 한우육전+새우전 녹두전 막국수+돼지갈비 부추새우전 굴전(계절) 골뱅이무침 한우육전 새우전 감자전 김치전 육전깻잎전 ,https://pcmap.place.naver.com/restaurant/1721570290/home
172,유객주 평촌역점,경기 안양시 동안구 관평로182번길 31,,031-382-8111,,https://pcmap.place.naver.com/restaurant/11847262/home
173,이화주막,서울 종로구 돈화문로5가길 31-1,,02-3676-3313,,https://pcmap.place.naver.com/restaurant/17934943/home
174,뚱땡이네,경기 광명시 기아로 22 한성빌딩,,02-898-6412,,https://pcmap.place.naver.com/restaurant/1517813883/home
175,행복가 미금점,경기 성남시 분당구 성남대로172번길 12 현대아리온 오피스텔,,031-608-3131,모듬전 해물파전 녹두전 동그랑땡 쪽갈비 막걸리 ,https://pcmap.place.naver.com/restaurant/13338148/home
176,오씨네술집(PART2),서울 은평구 서오릉로 60,,02-355-0130,화이트에일 페일에일 오트밀스타우트 ,https://pcmap.place.naver.com/restaurant/34822759/home
177,주전자,경기 고양시 덕양구 화신로260번길 41 동성골드프라자,,031-938-1100,,https://pcmap.place.naver.com/restaurant/33212657/home
178,찌그러진주전자에얼음막걸리,경기 시흥시 봉우재로 57,,0507-1311-6102,얼음막걸리 ,https://pcmap.place.naver.com/restaurant/1912086260/home
179,무월,서울 강남구 봉은사로4길 21,,0507-1420-3060,한방 바베큐보쌈 고추튀김 모둠전 生연어사시미 낙삼볶음 탱글새우전 가리비 조개탕 딸기바나나우유 막걸리 수박 막걸리 블루베리 막걸리 청포도 막걸리 토마토 떡볶이 ,https://pcmap.place.naver.com/restaurant/36508127/home
180,부엉이산장 연신내 본점,서울 은평구 연서로25길 6-18 1층,,010-9044-9901,곱대리탕 (곱창+대창+닭) 곱도리탕 (곱창) 모듬전 반반전(해물파전+김치전) 치즈감자채전 육새전(소고기+새우) 항정수육&보쌈김치 고추장육회 묵도리탕(묵은지) 꽃도리탕 (꽃게) 닭도리탕 해물파전 김치전 한우 육사시미 삼겹김치전골 ,https://pcmap.place.naver.com/restaurant/1721690357/home
181,소주방,"서울 마포구 동교로 266-12 1층,2층",,0507-1351-0896,오겹보쌈 꼬치어묵 김치우동 전라도식육회 소고기육전 컵라면 볶음밥 꿀호떡 아이스크림 짜계치 순두부 열라면 삼겹 두부김치 통삼겹 김치찌개 설탕토마토 육회비빔밥 먹태 막걸리(지평/공주알밤/고구마동동) ,https://pcmap.place.naver.com/restaurant/1897802202/home
182,따로집,서울 마포구 양화진길 6 1층 따로집,,0507-1325-2455,막걸리 우리술 Signature Cocktail ,https://pcmap.place.naver.com/restaurant/1094851522/home
183,지리,서울 마포구 월드컵로3길 31-5 2층,,02-6396-3646,맡김차림 1인 담은 꽃잠 오늘의막걸리3잔,https://pcmap.place.naver.com/restaurant/1018438355/home
184,오와리 주막,서울 성동구 왕십리로4길 24 1층,,0507-1349-9512,오와리곱도리탕 두부김치삼합 육새전 트러플치즈감자전 통마늘닭똥집볶음 오와리막걸리 ,https://pcmap.place.naver.com/restaurant/1354960766/home
185,월선네 미금점,경기 성남시 분당구 정자일로6번길 13,,0507-1480-0922,청국장과황태구이세트(1인세트메뉴) 청국장과고등어구이(1인세트메뉴) 청국장과제육볶음(1인세트메뉴) 청국장과보쌈세트(1인세트메뉴) 전통 육개장 바지락순두부찌개 뚝배기불고기 고추장찌개 옛날 청국장찌개 월선네장터국밥 해물김치전 월선네스페셜 홍어삼합 문어삼합 문어숙회,https://pcmap.place.naver.com/restaurant/1344042135/home
186,막걸리열전 부평점,"인천 부평구 경원대로1403번길 13 4,5층",,0507-1350-3215,"전10가지 무한리필 (1인) 막걸리,소주 무한리필 (1인) 전2세트 모듬전",https://pcmap.place.naver.com/restaurant/32423786/home
187,해방촌 윤주당,서울 용산구 신흥로 81-1 1층,,0507-1420-5765,치즈감자전 꽈리고추목살구이 전통주 쫀득고기 제주막창순대 고기김치전 간재미무침 투뿔한우육전 오징어땡초전 수제닭발편육 묵은지참치말이 외할머니호박찌개 ,https://pcmap.place.naver.com/restaurant/1069333121/home
188,대반전 모란점,경기 성남시 중원구 광명로 33-1 1층  대반전,,031-758-2778,세트1(모듬전+곱도리탕) 세트3(모듬전+닭볶음탕) 세트2(모듬전+곱창전골) 세트4(모듬전+김치찌개) 무한리필 모듬전,https://pcmap.place.naver.com/restaurant/770869972/home
189,김가네빈대떡,경기 광주시 남한산성면 남한산성로 774 1층 김가네빈대떡,,031-748-0376,골뱅이 소면 산성 손두부 도토리묵 녹두빈대떡 감자전 해물파전 해물김치전 오닭발 똥집볶음 오돌뼈볶음 얼큰술국 유부오뎅 순대국밥 순두부백반 잔치국수 ,https://pcmap.place.naver.com/restaurant/31650424/home
190,주막,서울 강북구 월계로7나길 30-3,,0507-1330-1680,그대로 슬라이스 감자전 해물지지미 소고기육전 마약항정살+상추겉절이 쫄뱅이무침 청량주 막걸리 하얀연꽃 막걸리 땡초고추 부추전 주막 해물 김치전 감치전 탱글탱글 왕새우전 주막 육새전 원조세트 완소세트 마약세트 ,https://pcmap.place.naver.com/restaurant/21668652/home
191,월선네 수내역점,경기 성남시 분당구 백현로101번길 13 월드프라자 204호,,031-717-3060,,https://pcmap.place.naver.com/restaurant/31676257/home
192,전전막걸리하우스 송도점,인천 연수구 컨벤시아대로 126 푸르지오월드마크 119호,,0507-1393-2221,,https://pcmap.place.naver.com/restaurant/1156143801/home
193,더다믐,서울 마포구 동교로38길 30 2층,,0507-1358-7971,전통주 와인 ,https://pcmap.place.naver.com/restaurant/1753210391/home
194,호박,서울 은평구 연서로27길 16-11,,02-355-6544,김치전 모듬전 두부김치 해물부추전 감자전 시골도토리묵 닭똥집(기름장)볶음 해물떡볶이 해물파전 김치전/해물파전 오돌뼈볶음 낙지볶음소면 쭈꾸미불고기 골뱅이소면 치즈해물떡볶이 ,https://pcmap.place.naver.com/restaurant/18097304/home
195,가제트술집 합정본점,서울 마포구 양화진길 5 합정아파트,,02-336-8865,김포금쌀생막걸리 가제트꿀막걸리 경북봉화청량주 땅콩막걸리 낙지볶음 칼국수 조개탕 생감자전 전통녹두전 즉석생감자전 해물가득해물전 녹두전과  해물전 해물전과 즉석 생감자전 ,https://pcmap.place.naver.com/restaurant/13492273/home
196,시골막걸리와부침개 인덕원점,경기 안양시 동안구 인덕원로24번길 28,,031-424-7858,동태전 해물파전 생굴전 부추전 감자전 녹두전 호박전 김치해물전 두부김치 계란말이 도토리묵 감자전병 닭볶음탕 동태찌개 알탕 ,https://pcmap.place.naver.com/restaurant/31057494/home
197,주모1974,경기 용인시 기흥구 구갈로72번길 10-1 2층,,0507-1349-3260,소고기육전 모둠전 얼큰해물알탕 곱창전골+우동사리 매콤김치우동어묵탕 먹태와 땅콩 계란탕 ,https://pcmap.place.naver.com/restaurant/1276258820/home
198,유객주 사당점,서울 관악구 남현1길 58 3층,,0507-1400-5026,특선모둠오뎅탕 일품나가사끼짬뽕 통오징어한판떡볶이 골뱅이소면 매콤오돌뼈&주먹밥 치즈불닭 모듬부대전골 아이스과일Big펀치 ,https://pcmap.place.naver.com/restaurant/20514860/home
199,별주막 과천본점,경기 과천시 별양상가1로 37 신라상가 B105호,,02-504-7016,막걸리 프리미엄막걸리 ,https://pcmap.place.naver.com/restaurant/37488102/home
200,무명집,서울 마포구 와우산로 30,,02-323-2016,가정식 술상 반반전 생맥주 막걸리 병맥주 치즈감자전 홍어삼합 해물떡볶이 닭도리탕 ,https://pcmap.place.naver.com/restaurant/19990379/home
201,미주월,"인천 남동구 인하로507번길 34 2동 2, 3층",,0507-1397-6965,치즈 감자전 전통주 옥수수전 대패삼겸 통두부김치 소주&맥주 ,https://pcmap.place.naver.com/restaurant/1020048868/home
202,조롱박,서울 관악구 남부순환로 1917 지하 1층,,02-883-5574,모듬전 불고기파전 두부김치 닭똥집볶음 지평막걸리 사곡알밤막걸리 가평잣막걸리 덕산막걸리 꿀막걸리 검은콩막걸리 ,https://pcmap.place.naver.com/restaurant/31399770/home
203,문출래 전,경기 안양시 동안구 경수대로544번길 6,,0507-1336-8691,모듬전 ,https://pcmap.place.naver.com/restaurant/1311415285/home
204,대가,인천 미추홀구 미추홀대로734번길 31-1 연화장모텔,,032-423-1052,매운돼지갈비찜-대 매운돼지갈비찜-중 홍어삼합 홍어무침 홍어회 ,https://pcmap.place.naver.com/restaurant/1367794483/home
205,대반전 구래역점,경기 김포시 김포한강9로 80 다온프라자 115호 대반전 구래역점,,0507-1352-9593,,https://pcmap.place.naver.com/restaurant/1757467243/home
206,이리오너라,서울 종로구 종로12길 21 평구빌딩,,02-732-5979,,https://pcmap.place.naver.com/restaurant/20833080/home
207,판자집,서울 서대문구 연세로2길 29,,02-312-0044,닭매운탕 버섯전골 해물파전 ,https://pcmap.place.naver.com/restaurant/20844153/home
208,청송얼음막걸리 신대방삼거리역점,서울 동작구 여의대방로24길 133,,0507-1408-0338,닭도리탕 ,https://pcmap.place.naver.com/restaurant/31346839/home
209,몽아,서울 광진구 면목로 29 1층 몽아,,02-2135-2489,얼그레이하이볼 12개 탄생화 칵테일 스패니쉬 버터 갈릭새우 돼지고기짬뽕탕 특수부위 닭튀김 닭갈비스튜 눈꽃사르르 치즈볼 골라먹는 모둠고로케 해물누룽지탕 쭈꾸미 제육볶음 돈까스김치나베 새우 쭈꾸미 카르파쵸 돈사골우동 외로울 때 세트 슬플 때 세트,https://pcmap.place.naver.com/restaurant/1346012185/home
210,주막골,경기 군포시 군포로 532,,,,https://pcmap.place.naver.com/restaurant/36980027/home
211,유객주 서울대점,서울 관악구 남부순환로224길 13,,02-889-1120,크런치닭강정 반건조오징어 한치 트리플 볼 샐러드 타코와사비 케이준치킨샐러드 만다린황도 그리시니과일샐러드 크릴치킨샐러드 매콤깐풍치킨 버팔로윙 모듬플래터 모듬감자튀김 반반닭똥집 모듬포구이 ,https://pcmap.place.naver.com/restaurant/18149295/home
212,녹두빈대떡,서울 영등포구 영신로 28,,,닭도리탕 닭백숙 옻 닭 닭강정 닭똥집튀김 살로만치킨 녹두빈대떡 해물파전 해물부추전 고추전 동그랑땡 햄소시지 동태전 ,https://pcmap.place.naver.com/restaurant/1647637720/home
213,교동전선생 신도림역점,서울 구로구 경인로67길 23 신도림2차푸르지오,,02-2632-8766,,https://pcmap.place.naver.com/restaurant/21908741/home
214,이:끔,서울 마포구 동교로46길 24-2 2층 이끔,,0507-1318-0918,한돈안심 직화구이 트러플리조또 창란젓덮밥 스카치에그 사천식 닭냉채 맑은 바지락국 두부구이 1++한우육회와 김부각,https://pcmap.place.naver.com/restaurant/1646489330/home
215,다전,서울 관악구 난우길 21,,,,https://pcmap.place.naver.com/restaurant/1382314808/home
216,장터주점 한국민속촌 인사동점,"서울 종로구 인사동길 49 4층 19호, 20호",,02-6954-2858,장터 쇠고기국밥 갈비탕 해물파전 육전 꼬막무침 홍어삼함 ,https://pcmap.place.naver.com/restaurant/1868487753/home
217,고구려민속주막,서울 송파구 올림픽로32길 18 경진빌딩 지하1층,,0507-1427-1445,모듬전 김치전 해물파전 동태전 부추전 ,https://pcmap.place.naver.com/restaurant/590658365/home
218,나누리주막집,경기 시흥시 연성로13번길 3,,,,https://pcmap.place.naver.com/restaurant/37320647/home
219,막걸리는 살아있다,서울 강남구 도산대로51길 39 B1,,0507-1321-1941,,https://pcmap.place.naver.com/restaurant/1764011309/home
220,몽로,서울 구로구 새말로18길 20-11,,0507-1332-3035,두부김치 해물파전 ,https://pcmap.place.naver.com/restaurant/1020487146/home
221,심산애,서울 종로구 자하문로1길 33,,02-734-1112,,https://pcmap.place.naver.com/restaurant/19851623/home
222,파동추야,서울 동작구 상도로58길 4 경원빌딩,,02-822-5988,솥뚜껑 무우전 솥뚜껑 해물파전 솥뚜껑 김치전 솥뚜껑 해물김치파전 솥뚜껑 감자전 솥뚜껑 참치야채전 솥뚜껑 카레전 솥뚜껑 불고추전 솥뚜껑 피자파전 어묵탕 떡국계란탕 번데기탕 두부김치 쥐포구이 오징어땅콩 ,https://pcmap.place.naver.com/restaurant/20907435/home
223,느티나무,경기 안산시 단원구 화랑로 149 안산시민시장,,031-485-0934,천원막걸리 ,https://pcmap.place.naver.com/restaurant/18162074/home
224,번지없는주막,경기 안산시 단원구 보배3길 3,,,,https://pcmap.place.naver.com/restaurant/1197478746/home
225,역전주막,경기 안산시 상록구 매화로3길 59,,,,https://pcmap.place.naver.com/restaurant/37148830/home
226,고향막걸리,경기 안산시 단원구 부부로2길 7,,031-494-9759,,https://pcmap.place.naver.com/restaurant/1092732250/home
227,막걸리최,경기 시흥시 군자로 520 동운디오빌102호,,031-493-6102,해물파전 골뱅이묵무침 ,https://pcmap.place.naver.com/restaurant/37315996/home
228,우이락,서울 마포구 포은로8길 22,,0507-1438-5594,고추튀김3개 육전 모듬전(2~3인) 11가지 해물파전 홍어무침&쫄면 해물김치전 부추쫄면 매콤해물라면 해창막걸리6도 느린마을 송명섭막걸리 우렁이쌀드라이 백련스노우 제주우도땅콩 감귤막걸리,https://pcmap.place.naver.com/restaurant/1040939211/home
229,오두막막걸리,경기 시흥시 군서로46번길 7-1,,070-4223-8310,,https://pcmap.place.naver.com/restaurant/37461075/home
230,빛고을,경기 안산시 단원구 와동공원로 169,,031-401-3330,,https://pcmap.place.naver.com/restaurant/1871553543/home
231,월매,경기 안산시 단원구 와동공원로 176 다인빌,,,,https://pcmap.place.naver.com/restaurant/1661005694/home
232,막리단길 시흥목감점,경기 시흥시 솔고개길 4-5 목감의아침 1층 103호,,070-7543-2941,막리단길 쟁반술상 ,https://pcmap.place.naver.com/restaurant/1715028873/home
233,한국술집 안씨막걸리,서울 용산구 회나무로 3 아름누리빌딩 1층,,010-5172-2229,한입거리 송고버섯 한입거리 밀전병 호박꽃 줄무늬 전갱이회 ,https://pcmap.place.naver.com/restaurant/37704375/home
234,만취로,인천 연수구 송도과학로28번길 8 2층 212호,,010-9205-0254,꽃도리탕 치즈감자전 육새전 김치전 해물파전 육전 새우전 소주한짝해물오뎅탕 불맛얼큰차돌탕 동네1등골뱅이소면 직화무뼈닭발 오돌뼈 김치메밀전병 뚱란말이 ㅡㅡㅡㅡㅡㅡㅡ,https://pcmap.place.naver.com/restaurant/1180584892/home
235,낯선한식븟다,서울 동작구 사당로30길 28 1층,,070-7543-5250,대대포막걸리 도문대작막걸리 ,https://pcmap.place.naver.com/restaurant/1971062401/home
236,오자네왓능가,경기 수원시 팔달구 효원로265번길 25,,031-236-8810,"닭볶음탕 통북어찜, 오징어찜 홍어무침 각종 탕류 식사류 ",https://pcmap.place.naver.com/restaurant/13164694/home
237,휘영청,경기 수원시 장안구 정자천로173번길 17 투대일타운,,0507-1405-0279,닭볶음탕 오색전 해물파전 감자치즈전 골뱅이무침 오삼불고기 돼지고기김치찌개 묵사발 삼색전 소고기육전 해물부추전 오징어김치전 얼큰만두전골 ,https://pcmap.place.naver.com/restaurant/38233559/home
238,교동전선생 안양범계점,경기 안양시 동안구 평촌대로223번길 19 대건상가,,0507-1440-3318,모듬전 해물파전 동동전 김치전 부추전 녹두빈대떡 김치찌개 순두부찌개 해물계란찜 어묵탕 알밤막걸리 옥수수막걸리 ,https://pcmap.place.naver.com/restaurant/21656874/home
239,두메산골,경기 수원시 팔달구 중부대로239번길 29,,031-216-6151,두부김치 골뱅이 소면 도토리묵 감자전 닭볶음탕 ,https://pcmap.place.naver.com/restaurant/18227756/home
240,한국술집건,경기 안양시 동안구 평촌대로223번길 27 3층,,0507-1349-5075,닭다리와 순살 닭볶음탕 대창술국 육회+카나페 ,https://pcmap.place.naver.com/restaurant/1779752042/home
241,술토리,인천 연수구 경원대로483번길 18 101호,,032-815-9713,뢰스티 베이컨치즈전 저염 백명란 구이 ,https://pcmap.place.naver.com/restaurant/1964819613/home
242,정작가의 막걸리집,서울 동작구 동작대로33가길 8,,0507-1318-2932,순대크림스튜 수소문 ,https://pcmap.place.naver.com/restaurant/1982822981/home
243,백세주마을 종각점,서울 종로구 우정국로2길 10,,02-720-0055,생백세주 국순당 생막걸리 황제어묵탕 흑돼지맥적구이 토종모듬순대 ,https://pcmap.place.naver.com/restaurant/11677741/home
244,이박사의신동막걸리,서울 마포구 토정로 263,,02-702-7717,신동막걸리 굴조개찜 한우등심구이 진짜 녹두전 경상도 배추전 소고기 육전 늙은 호박전 우엉전 제육 육회 찐어묵탕 오징어순대 노가리 ,https://pcmap.place.naver.com/restaurant/12060573/home
245,막걸리집개코네,인천 부평구 부평문화로53번길 7,,032-505-6334,생고기김치찌개 옛날고추장찌개 동태찌개 제육볶음 오징어볶음 황태두부탕 오뎅탕 무뼈닭발 골뱅이소면 낙지소면 고등어구이 돼지껍데기 코다리무침 오징어숙회 해물파전 ,https://pcmap.place.naver.com/restaurant/1155181712/home
246,대반전 부천점,경기 부천시 부일로237번길 30,,032-321-9593,솥뚜껑 곱도리탕 모듬전무한리필(4인까지) 모듬전(단품) 솥뚜껑 닭볶음탕 김치 짜글이 묵사발 세트1(모둠전+솥뚜껑곱도리탕) 세트2(모둠전+솥뚜껑닭볶음탕) 세트3(모둠전+솥뚜껑닭갈비) 국물닭발,https://pcmap.place.naver.com/restaurant/1025909131/home
247,백세주마을 삼성점,서울 강남구 봉은사로 641 국순당빌딩,,0507-1406-7103,,https://pcmap.place.naver.com/restaurant/11678251/home
248,개코막걸리,경기 수원시 장안구 경수대로1073번길 10-8,,,두부탕 계란탕 두루치기 매운돼지갈비찜 조기매운탕 오징어볶음 계란찜 물오징어 두부김치 번데기 돼지껍질 닭발 동태찌개 라면 똥집 ,https://pcmap.place.naver.com/restaurant/36987129/home
249,줜막걸리아노,서울 마포구 동교로 248-2,,0507-1347-8843,"모듬전 명란감자전 도가니볶음 순살갈치전 무만두,징거미새우 백골뱅이무침과 유기농면 미나리해물전 매생이무전,가리비 샐러드 두부김치 참치 김치찌개 김치전 막걸리,청주,증류주 ",https://pcmap.place.naver.com/restaurant/35992572/home
250,방춘리,서울 성동구 연무장7가길 5 1층 방춘리,,0507-1364-0344,육회김밥 육회 한우육전 ,https://pcmap.place.naver.com/restaurant/1217986077/home
251,산체스 막걸리,서울 종로구 윤보선길 26 지하1층,,02-735-0723,미국감자전 바지락술찜 부추꼬꼬전 김치전 떙초부추전 계란라면 사각사각깐포도 소주 음료수 송명섭막걸리 느린마을막걸리 선호막걸리 대대포막걸리 고흥유자막걸리 공주알밤막걸리 ,https://pcmap.place.naver.com/restaurant/31542976/home
252,사랑채 나혜석점,경기 수원시 팔달구 권광로188번길 18 1층103호,,031-234-2847,모듬전 ,https://pcmap.place.naver.com/restaurant/209814947/home
253,왕빈자전통주막,인천 남동구 서창남로 35,,032-466-1173,해물파전 육전파절이 녹두전 부추전 메밀전병 ,https://pcmap.place.naver.com/restaurant/1891281658/home
254,장수막걸리,경기 수원시 권선구 효탑로 14,,010-7417-4972,,https://pcmap.place.naver.com/restaurant/19833225/home
255,솟대막걸리 양조장,서울 관악구 신림로 305 3층,,0507-1323-9156,양조장수육 매운오징어콩나물(매콩) 얼큰닭탕 제육두부김치 치즈감자채전 해물파전 (오징어 or 고기 선택)김치전 치땡감자채전(절반땡초or전체땡초) 생감자채전 통골뱅이소면무침 뚝배기어묵탕 얼큰통북어바지락탕 뚝배기얼큰통북어탕 황태콩나물국 먹태구이 ,https://pcmap.place.naver.com/restaurant/11712589/home
256,든든,서울 마포구 양화로6길 57-7,,0507-1402-8782,,https://pcmap.place.naver.com/restaurant/37397782/home
257,등마루,서울 관악구 장군봉2길 13 1층,,,,https://pcmap.place.naver.com/restaurant/1105131900/home
258,숨은골목,서울 마포구 동교로34길 12,,02-323-4633,묵은지김치전 베이컨감자전 땡초부추전 해물파전 달걀육전 두부김치 두부짜그리 돼지짜그리 바지락탕 바지락볶음 제육볶음 골뱅이무침 간재미찜 계란말이 애호박전 ,https://pcmap.place.naver.com/restaurant/37257366/home
259,쌈전,서울 서대문구 거북골로 21-8 1층~4층,,0507-1351-0540,,https://pcmap.place.naver.com/restaurant/1539351238/home
260,한맛인삼한약막걸리,경기 하남시 수리북로 32,,031-793-3075,오도둑구이 왕꼼장어구이 등갈비구이 매운등갈비구이 무뼈닭발구이 돼지껍데기구이 시샤모구이 노가리구이 ,https://pcmap.place.naver.com/restaurant/19423604/home
261,교동전선생 여의도에스트래뉴점,서울 영등포구 국제금융로2길 37 S-TRENUE,,02-6404-4042,,https://pcmap.place.naver.com/restaurant/21295716/home
262,달빛한스푼,서울 서초구 방배중앙로 165 에코빌딩 1층,,02-535-8848,,https://pcmap.place.naver.com/restaurant/18225527/home
263,산솔,서울 용산구 신흥로 47,,0507-1352-2255,,https://pcmap.place.naver.com/restaurant/1281719454/home
264,단골손님 구로디지털점,서울 구로구 디지털로32나길 22,,0507-1376-2242,,https://pcmap.place.naver.com/restaurant/1009772184/home
265,토담,서울 용산구 청파로45길 37,,02-701-9322,,https://pcmap.place.naver.com/restaurant/21048837/home
266,술개구리,서울 마포구 양화로6길 77 2층,,0507-1446-1160,돼지고기 숙주볶음 술개구리 감자전 두부김치 해물 짱뽕탕 ,https://pcmap.place.naver.com/restaurant/36424106/home
267,뚱딴지냉막걸리 작전본점,인천 계양구 효서로 363,,032-542-0822,,https://pcmap.place.naver.com/restaurant/21479747/home
268,두레박7080라이브민속주점,경기 군포시 산본천로 224-1,,031-399-1334,,https://pcmap.place.naver.com/restaurant/1214449534/home
269,술도둑,경기 수원시 영통구 대학1로8번길 78-8,,0507-1407-0552,베이컨감자전 모짜렐라김치전 골뱅이소면 메밀전병 ,https://pcmap.place.naver.com/restaurant/38338084/home
270,대반전 오목교본점,서울 양천구 신목로 102 대경프라자,,0507-1417-3445,,https://pcmap.place.naver.com/restaurant/37069468/home
271,누룩나무,서울 종로구 인사동16길 13,,02-722-3398,,
272,잔칫집,경기 광주시 경안안길 58,,0507-1358-9484,,https://pcmap.place.naver.com/restaurant/1941519131/home
273,김삿갓주점,서울 강서구 공항대로46길 83,,02-2603-1550,,https://pcmap.place.naver.com/restaurant/206881489/home
274,풍년막걸리,인천 서구 가정로 122,,032-574-2560,,https://pcmap.place.naver.com/restaurant/16796711/home
275,사랑마루,경기 의왕시 오전로 216,,0507-1432-2426,,https://pcmap.place.naver.com/restaurant/1184288963/home
276,짚동가리쌩주 양재역점,서울 서초구 남부순환로350길 19-5,,02-574-7005,육해공 고추장불고기 닭갈비 리코타치즈샐러드 새콤달콤골뱅이 소세지&후렌치후라이 소고기스테이크 짚쌩후라이세븐 오돌오돌 짜글이 깐풍치킨 봉봉 데리야끼 마늘똥집 순살 크리스피 치즈볼 ,https://pcmap.place.naver.com/restaurant/33674775/home
277,몽우,서울 광진구 면목로7길 13 1층,,070-8233-0321,못된너부리 버럭 세트 득도한야옹이 동굴 세트 보노보노 무사안일 세트 포로리 요리조리 세트 큰도롱뇽 고독 세트 ,https://pcmap.place.naver.com/restaurant/1600259876/home
278,바탕골전집,인천 부평구 세월천로 11-8 1층 바탕골전집,,0507-1417-6113,,https://pcmap.place.naver.com/restaurant/1124077846/home
279,왕빈자전통주막 동탄2신도시점,경기 화성시 지산1길 17-4 102호,,031-373-8836,,https://pcmap.place.naver.com/restaurant/1903570903/home
280,시골막걸리와부침개,경기 안양시 만안구 양화로136번길 52,,,,https://pcmap.place.naver.com/restaurant/1593915617/home
281,주왕산얼음막걸리 병점점,경기 화성시 효행로 1014,,,김치전 계란말이 파전 번데기 민물새우탕 ,https://pcmap.place.naver.com/restaurant/37134433/home
282,인사동모퉁이,경기 성남시 수정구 시민로 141 1층 인사동모퉁이,,0507-1482-0261,세트메뉴 5번 세트 메뉴 4번 세트 메뉴 3번 세트 메뉴 2번 세트 메뉴 1번 음료 사이다 콜라 산사춘 청하 맥주 소주 칠갑산 구기자 주(맑은 동동주) 인사동 막걸리(지평) 노가리 대구포 육포,https://pcmap.place.naver.com/restaurant/1349465396/home
283,정막걸리,서울 성동구 마조로1길 40-1 지하1층,,0507-1320-8515,해물짬뽕탕 나가사키짬뽕 부대찌개 오뎅탕 해물순두부 김치찌개 고추장파불고기 꿀꿀이 두부김치 매콤불족발 소 매콤불족발 대 해물떡볶이 골뱅이 치즈계란말이 참치깻잎계란말이 초장오징어 ,https://pcmap.place.naver.com/restaurant/37485998/home
284,교동전선생 분당수내점,경기 성남시 분당구 수내로46번길 20 맛자랑멋자랑,,031-719-0299,,https://pcmap.place.naver.com/restaurant/20613561/home
285,허깨비주막,서울 종로구 종로52길 50-6,,02-3675-5343,,https://pcmap.place.naver.com/restaurant/20474030/home
286,교동전선생 서여의도점,서울 영등포구 국회대로74길 12 남중빌딩,,02-786-4042,,https://pcmap.place.naver.com/restaurant/21908417/home
287,막걸리연구소,경기 화성시 동탄지성로 17 풍성위버폴리스 상가 B동 108호,,0507-1338-8737,,https://pcmap.place.naver.com/restaurant/1061090612/home
288,한식술집 돌,서울 성북구 보문로34길 87 1층,매일 17:00-24:00,0507-1336-5824,"노돈보쌈, 뭉티기, 전복내장 파스타, 메로조림, 낙지젓갈 볶음밥, 곤드레 아란치니. 무우 튀김",
289,박가네 빈대떡,서울 종로구 종로32길 7,매일: 08:00 - 22:00,02-2264-0847,"박가네 삼합, 맷돌 빈대떡,고기 빈대떡, 해물 빈대떡, 마약김밥(2인), 육회탕탕이, 육회사시미, 산낙지탕탕이, 육회, 간, 천엽, 육회냉면, 모둠전 특, 모둠전 대, 해물파전, 고기완자 2장",
290,미주류,서울 광진구 면목로31 (1층),"월, 화, 수 16:00-24:00 금, 토 16:00-새벽 01:00 (매주 일요일 정기휴무)",0507-1301-4864,"한돈 보쌈, 한우 육회, 치즈 감자전, 등심튀김, 메밀전병, 해물파전, 감태밥",
291,청주한씨,서울특별시 성동구 연무장길 41-22 지하 1층,평일 17:00-22:00 토요일 17:00-21:30(매주 일요일 휴무),070-4086-0933,"청주한씨 술상, 열기구이, 삼치구이, 브리치즈구이, 국물떡볶이, 마른안주",
292,우리술집다람쥐,서울 종로구 서순라길 101(1층),평일 17:00-23:30 주말 16:00-23:30,070-4258-8880,"고기완자전, 제주 피순대구이, 반건조 생선구이, 황태 어묵탕, 다람쥐 순두부 찌개, 코코넛 닭강정, 토하젓 파스타, 다람쥐 삼합, 도가니찜, 멜팅 브리, 후식 아이스크림",
293,오보강,서울특별시 용산구 우사단로10길 135 1층 오보강,평일 18:00~03:00시 (매주 월화 휴무),0507-1308-7806,"바지락술찜 파스타, 고추장찌개, 트러플 전복버터구이, 삼겹살 쌈장구이, 먹태구이, 바지락탕",
294,서우막걸리,서울 마포구 동교로46길 25 202호,"평일17:00 - 01:00시 (금요일,토요일 17:00~03:00 일요일 휴무)",02-417-9233,"두툼 돼지육전,치즈 불닭볶음,마약 옥수수 튀김,순두부 쫄면찌개",
295,도르리,서울 광진구 천호대로109길 7 1층,"매일 17:00-1:00 (화요일 휴무, 낮술 사전예약 및 4시대 오픈 가능)",02-6398-1010,"우니와 단새우, 제철조개술찜, 2+한우육회, 오믈렛 감자전, 명란구이",
296,삼씨오화,서울 마포구 마포대로4가길 41,"매일 11:30 - 13:30 (주말 정기휴무, 내부 사정으로 인하여 점심 영업중)",02-715-3355,"칼만둣국, 봄나물전, 목살구이에 곁들여 먹는 홍어장과 오이지 삼합, 삼씨오화 군만두, 참가자미 구이, 갑오징어숙회, 만두전골",
297,윤달,서울 마포구 동교로 262-3 B1층,"매일 17:00 - 00:00 (라스트오더 23:30, 화요일 휴무)",0507-1362-6725,"소고기 사태수육 전골, 고추장 돼지꼬리 구이, 미도어묵탕, 생선구이와 된장나물무침",
298,주방문,서울 강서구 마곡중앙로 171 207호,"매일 18:00-02:00(라스트오더 01:00, 일요일 휴무)",0507-1326-4406,"계절숙성회, 해산물, 제철메뉴",
299,주052,서울 성동구 고산자로14길 26,"매일 16:00-21:00(라스트오더 20:00, 월요일 휴무)",02-2281-0343,"언양불고기, 장어국수, 편육샐러드, 052 누룩육회",
300,"늘,안암",서울 성북구 고려대로24가길 13-2 1F,"매일 17:00-01:00, 정기휴무 인스타그램 공지(@neul.anam)",0507-1329-1748,"한우 도가니 어묵전골, 웅치기 닭, 늘 닭볶음탕, 늘 떡볶이",
301,작정,서울 강남구 논현로163길 13-4 지하1층,"매일 18:00~02:00(거리두기 기간 14:00~22:00, 일요일 휴무)",0507-1446-8123,맡김차림(8코스)예약필수,
302,독도16,서울 종로구 자하문로33길 10 1층,"매일 18:00~21:00(월요일, 일요일 휴무)",0507-1359-1811,제철 생선 구이,
303,금남정,서울 성동구 금호산2길 18 1층,"매일 17:30-23:55 (매주 일요일 휴무, 격주 월요일 휴무)",0507-1359-3280,마늘 버터 명란 구이,
304,미주가,서울특별시 은평구 갈현동 452-12 1층 좌측,"매일 19:00-04:00 (02:00 입장 마감) , 매주 일요일 휴무",02-356-9345,"이베리코구이, 소프트크랩튀김, 부채살스테이크",
305,요릿집,서울특별시 서대문구 연희맛로 36,"매일 12:00-16:00 (낮술 코스요리 예약제로 운영), 매일 17:00-01:00",02-395-7004,제철 재료로 일주일에 한번 바뀌는 한식 코스요리,
306,연남고집,서울특별시 마포구 동교로38길 7,"평일 17:00-22:00, 주말 16:00-22:00, 매주 화요일 휴무",02-6080-2457,"오겹살 수육, 가리비백합탕, 전라도식육전",
307,성북동 막걸리,서울 성북구 동소문로2길 25,매일 15:00 ~ 02:00,02-747-6165,"파전, 막걸리",
308,산울림1992,서울 마포구 서강로9길 60,매일 17:00   01:30일요일 15:00낮술타임[15시~18시:한국술1+1(한정)],0507-1425-0118,"치즈감자전, 반상세트",
309,이박사 신동막걸리,서울 마포구 토정로 263,매일 12:00 ~ 23:30일요일 휴무,02-702-7717,"막걸리, 굴조개찜, 한우등심구이",
310,얼쑤,서울 마포구 어울마당로 136-3 2층,매일 17:00 ~ 01:00 일요일 휴무,02-333-8897,"막걸리, 파전",
311,가제트 술집,서울 마포구 양화진길 5,매일 17:00 ~ 01:30일요일 17:30 ~ 00:30,070-7529-7850,"막걸리, 감자전 등",
312,막걸리이야기,서울 관악구 남부순환로272길 8,"평일 18:00 ~ 22:00토요일 15:00 ~ 20:00일요일 휴무, 공휴일 휴무",02-588-1516,수육,
313,팔뚝집,서울 도봉구 도봉로 181길 70,평일 16:00~ 24:00주말/공휴일 낮 1시~밤 12시 (매주 월요일 휴무),070-8899-1711,"따판지, 만두전골",
314,담은,서울 서초구 잠원동 69-2 반포쇼핑타운 4동 지하,매일 17:00 ~ 01:00,02-536-7500,"모듬전, 돈 담은 육전",
315,마법갈비 요술꼬치,서울 강남구 선릉로157길 26,매일 17:00~03:00,02-543-9289,"닭완자 꼬치, 대파&amp;닭",
316,취하당,서울 강남구 강남대로 442,매일 11:00 ~ 02:00,0507-1302-5717,"차돌숙주볶음, 오색빛깔 모듬전",
317,2018년 5월,서울 감남구 연주로170길 27,매일 18:00 ~ 01:00,010-6572-1571,"배추전, 보쌈",
318,청담만옥,서울 강남구 언주로152길 13,월~토 11:30 ~ 01:00 (일요일 휴무),02-6673-8888,"성게알알알, 청담한상",
319,달빛보쌈,서울 강남구 선릉로111길 8,"평일 11:30-22:30주말, 공휴일 휴무",02-540-7890,"달빛모둠보쌈, 달빛 술상",
320,매향이네 주막,서울 강남구 봉은사로18길 90,매일 05:00 ~ 02:00,02-555-6057,"숙주 듬뿍 닭볶음탕, 베이컨 김치전",
321,대동집 강남점,서울 강남구 봉은사로18길 88,매일 15:30 - 03:00,02-554-4574,"대동보쌈세트, 육회, 육전, 해물파전",
322,이파리,서울특별시 서대문구 연희맛로 4 다송빌딩 2층,매일 17:00 - 00:00일요일 휴무,02-336-5188,"조선간장 육회, 도가니 된장전골",
323,두두,서울 종로구 동숭2길 3-4,매일 16:00 - 01:00,010-9119-1884,"명태무침보쌈, 명란구이",
324,더 그리핀 (The Griffin),서울 종로구 청계천로 279,매일 18:00 ~ 02:00,02-2276-3344,우리술 칵테일,
325,익선반주,서울 종로구 돈화문로11다길 31,매일 11:30 ~ 22:30주말 11:30 ~ 22:30,02-529-3979,"맵계, 문어 카르파치오, 불고기지짐이",
326,반기다,서울 종로구 익선동 166-52,매일 11:30 ~ 22:00,02-6408-6511,"퓨전 한식, 막걸리 칵테일 등",
327,반구절점,전북 전주시 완산구 전라감영4길 16-7 1층,월-금 18:00-02:00 일 17:00-24:00,0507-1369-8996,"순두부찌개, 김치 치즈 전 스틱, 불고기메밀 쌈, 육회 타르타르, 모둠어묵탕, 베이컨 감자전, 부추 새우 전 스틱, 맥적구이, 떡갈비 지짐, 토마토 범벅. 팽이버섯 튀김, 어란 슬라이스, 명란구이, 수제약과, 들깨라면",
328,까치호랑이,대전 유성구 궁동로18번길 61 2층,매일 18:00-새벽02:00 (매주 일요일 휴무)(매달 첫째주 월요일 휴무),0507-1418-1636,"새우 부추튀김,토종 닭 무침,호랑이 육전,된장수육 큰상,마라 순두부찌개",
329,교우,창원특례시 성산구 상남동 14-3 진성빌딩 1층,평일 17:00~02:00/금토-17:00~03:00(연중무휴),010-3467-2230,"남도식 육회,장아찌 삼겹,항정살 스테이크 파스타,수육 전골,누릉지 불고기 전골, 불고기 땡초 크림 파스타,육전,조개술찜,돼지고기 짜글이",
330,잔 3.0,경기 화성시 동탄하나1길 61,매일 17:00 - 새벽 01:30 (일요일 휴무),070-8777-3839,"육회소면, 닭강정, 들기름 연어 묵은지 무침, 나가사키 어묵탕, 불 맛 삼겹 볶음",
331,을해,경기 남양주시 도농로중촌2길 8-16,매일 17:00-02:00 (일요일 휴무),0507-1342-1083,"우설수육, 돼지꼬리찝, 유린기, 베이컨 크림 파스타",
332,천춘일 식당,"부산 동구 자성로75번길 29 그린빌리지103호, 천춘일 식당",매일 06:00-00:00,010-3059-9713,"숯불돼지 갈비구이, 한우암소육회, 녹두 빈대떡",
333,정갈,경기도 고양시 일산동구 일산로 30 효성레제스오피스텔 111호,매일 17:00~01:00(월요일 휴무),0507-1346-0256,"돼지갈비구이, 항정 삼합, 꽃 육회, 바지락 술찜",
334,주인 : 술과 사람,대구 서구 서대구로3길 55 1층,매일 18:00-03:00(월요일 휴무),0507-1338-7102,"순살 닭볶음탕, 크림새우퐁듀, 치즈감자전, 스팸 고추장 찌개",
335,선운산풍천장어,대구 달서구 달구벌대로243길 36,"평일 11:00-20(주문마감 23:00), 일요일 11:00-22:00, 공휴일 11:00-23:00",0507-1313-0839,풍천장어구이,
336,해달별담,"전남 여수시 웅천남4로 17, 2층 207호",매일 18:00~01:00(월요일 휴무),010-2297-4160,"방풍 새우전, 육전",
337,명륜미술관,강원 원주시 남원로647번길 14 2층,"월-목 17:30-24:00, 금-토 17:30-01:00, 일요일 휴무",0507-1323-4525,"동해안 비단 조개탕, 가리비찜",
338,일호선,경기 수원시 영통구 중부대로271번길 19-6 1층 일호선,매일 17:00 - 22:00 매주 일요일 휴무,031-216-7892,"한우육회, 닭묵은지찜",
339,사이반주,강원도 춘천시 우묵들길5 1층,매일 18:00-01:00,033-253-9994,"전 플레이트, 장흥 삼합, 해물 김치전, 콰트로 치즈 김치전",
340,삼강주막마을,경북 예천군 풍양면 삼강리길 91,매일 09:00 ~ 18:00,054-655-3132,"막걸리, 두부, 도토리묵",
341,부부술집 0325,경기 고양시 일산동구 무궁화로93번길 29,매일 15:00 ~ 00:00,070-8272-3108,"오징어볶음, 해물파전 등",
342,와이즈,제주특별자치도 서귀포시 천제연로 209-1 2층,18:00-01:00 일요일 휴무,064-738-7302,"메뉴변동, 우리술",
343,도전,강원도 강릉시 하슬라로 206번길 19-1 1층,월~토요일 16:00 ~ 02:00 일요일 16:00 ~ 24:00,033-645-2346,"꼬막무침, 홍어삼합",
344,왕탁,(본점)대구 남구 봉덕동 712-5(2호점) 대구 중구 삼덕동 149-71,(본 점) 17:00 ~ 2:00 / 일요일 휴업(직영2호점) 17:00 ~ 2:00 / 연중무휴,0507-1418-2133,"수제두부짜글이, 육납무",
345,산성막걸리,부산 부산진구 부전로96번길 28,-,051-802-9995,"홍어 사합, 매콤 두루치기",
346,동래할매파전,부산 동래구 명륜로94번길 43-10,매일 12:00 ~ 22:00월요일 휴무,051-552-0792,"동래파전, 동래고동찜, 골뱅이무침",
347,주화담,부산 동래구 온천천로 155,평일 17:30 ~ 2:00 주말 17:30 ~ 3:00,010-5764-5363,주화담떡갈비 얼큰새우탕 육전+새우부추전,
348,술곳간,부산 수영구 무학로21번길 98 1층,17:00 - 03:00 / 월요일 휴무,0507-1417-0784,"막걸리, 약청주, 증류소주, 청어알쌈, 돼지갈비구이",
349,귀빈전,부산 연제구 쌍미천로 151번길 48,17:30 ~ 2:00 / 일요일 휴무,051-852-3455,"귀빈모듬전, 막걸리 등",
350,옛촌막걸리 본점,전북 전주시 완산구 서신천변로 11 옛촌막걸리 본점,,063-272-9992,[런치세트] 한주전자 [런치세트] 두주전자 [런치세트] 세주전자 커플상 가족상 잔치상 스페셜상 김치찜 철판보리굴비 홍어삼합 들깨삼계탕 간장게장밥 대하구이 족발 떡갈비 ,https://pcmap.place.naver.com/restaurant/11886663/home
351,용진집막걸리,전북 전주시 완산구 거마산로 14,,0507-1314-8164,가족한상차림 커플상 보리굴비 막걸리(1병) 소주/맥주 모주 바나나막걸리 밤막걸리 음료,https://pcmap.place.naver.com/restaurant/13420132/home
352,옛촌막걸리,전북 전주시 완산구 팔달로 144-4,,063-232-9991,한상 (기본상) 옛촌 작은상 두상 세상 네상 저세상 옛촌 큰상 김치찜 철판보리굴비 홍어삼합 들깨삼계탕 간장게장밥 대하구이 족발 떡갈비 ,https://pcmap.place.naver.com/restaurant/37462977/home
353,남도집,전북 전주시 완산구 거마산로 11,,0507-1320-1636,3~4인 남도한상 2인상 기본상 간장게장밥 홍어삼합 홍어회 닭모래집볶음 왕조기구이 저염명란구이 육전,https://pcmap.place.naver.com/restaurant/34836869/home
354,두여인생막걸리,전북 전주시 완산구 거마산로 9,,063-221-0271,국내산 쌀막걸리 커플상(2인기준) 가족상(3~4인기준) 스페셜상차림,https://pcmap.place.naver.com/restaurant/21037891/home
355,다가양조장,전북 전주시 완산구 전주객사1길 5 세일건재한약방,,063-231-5210,"새참(보쌈,골뱅이무침,부침개set) 여러지역 막걸리 국물냄비닭발 닭똥집볶음 골뱅이쫄면 부침개 다가밥 ",https://pcmap.place.naver.com/restaurant/394705492/home
356,천년누리봄,전북 전주시 완산구 경기전길 38-8,,0507-1303-8813,[저녁]명품양반상 [점심]제육 강된장쌈밥(2인이상) [점심]연잎수육 강된장쌈밥(2인이상) [저녁]임금님수리상 [저녁]임금님잔치상 [점심]누리비빔밥 해물파전 폭탄계란찜 모주한잔,https://pcmap.place.naver.com/restaurant/21037887/home
357,옛촌막걸리 삼천점,전북 전주시 완산구 거마산로 22 1층,,0507-1319-5477,커플상(2인) 가족상(3인) 잔칫상(4인) 큰상(5인) 한상 두상 세상 네상 다섯상 저세상 막걸리 한 주전자 막걸리 반 주전자 밤 막걸리,https://pcmap.place.naver.com/restaurant/1587280401/home
358,복막걸리,전북 전주시 완산구 거마산로 12,,063-224-3062,커플상 가족상 스페샬 모듬전 육전 동태전  호박전  버섯전 고기깻잎전 고기김치전 꼬치오색전 ,https://pcmap.place.naver.com/restaurant/17461188/home
359,길손네학사주점,전북 전주시 덕진구 권삼득로 321,,063-271-6453,닭도리탕(한마리) 닭도리탕(반마리) 김치찌개 된장찌개 제육볶음 두부김치 오징어볶음 ,https://pcmap.place.naver.com/restaurant/17040255/home
360,누룩꽃피는날 전북대점,전북 전주시 덕진구 명륜3길 18-1 2층,,063-271-2216,왕낙지해물쫄면 마약육전&쫄면 ,https://pcmap.place.naver.com/restaurant/13573455/home
361,동막골,전북 남원시 요천로 1537 동막골,,063-625-8953,연탄돼지갈비 돼지고기주물럭 갈비전골 갈비찜(소) 갈비찜(중) 낚지볶음 황태구이 파전 삼합 ,https://pcmap.place.naver.com/restaurant/17331600/home
362,골목집막걸리,전북 전주시 덕진구 송천중앙로 106-4,,,,https://pcmap.place.naver.com/restaurant/1895270899/home
363,누룩꽃피는날 원광대점,전북 익산시 익산대로58길 34,,,치즈듬뿍 해물김치전 치즈듬뿍 불고기파전 해물듬뿍파전 부추야채해물전 마약육전&비빔쫄면 싱싱 깻잎전 외할머니 보쌈 소 외할머니 보쌈 대 유자샐러드 족발 항아리 골뱅이 쫄면 왕낙지 해물짬뽕탕 스팸부대찌개 얼큰톡톡 알탕 나가사키 통오징어 백짬뽕탕 왕낙지곱창전골 ,https://pcmap.place.naver.com/restaurant/1819736628/home
364,홍집,전북 군산시 동신영길 47-3 홍집,,063-446-9912,막걸리(한주전자) ,https://pcmap.place.naver.com/restaurant/13400002/home
365,가인막걸리,전북 전주시 완산구 동문길 28,,063-282-6455,막걸리(한 주전자) 4인한상차림 2~3인상 제육 오징어볶음 새우튀김 족발,https://pcmap.place.naver.com/restaurant/13420133/home
366,전주막걸리,전북 전주시 완산구 거마산로 16-1,,0504-2015-1938,커플상(2인) 가족상(3-4인) 스페셜(4인) 게장밥 삼합 산낙지 석화 계란찜,https://pcmap.place.naver.com/restaurant/37351776/home
367,누룩꽃피는날 중앙점,전북 전주시 완산구 전주객사3길 11-7 1층,,0507-1423-4701,막걸리 왕낙지 쫄면 볶음 ,https://pcmap.place.naver.com/restaurant/38273963/home
368,유랑,전북 전주시 완산구 석산1길 16 102호 유랑,,010-2811-6488,,https://pcmap.place.naver.com/restaurant/1589755624/home
369,누룩꽃피는날 아중점,전북 전주시 덕진구 아중중앙로 5,,063-242-1331,모듬전 치즈듬북 불고기 파전 마약육전& 비빔쫄면 오징어순대 보쌈전 치즈듬뿍 해물김치전 해물듬뿍파전 싱싱 깻잎전 외할머니 보쌈 왕낙지곱창전골 잔칫집 불낙전골 왕꼬막야채 쫄면무침 항아리 골뱅이 쫄면 왕낙지 해물 쫄면볶음 데리야끼 순살 닭떡볶음 순살치즈철판 닭갈비 ,https://pcmap.place.naver.com/restaurant/37944209/home
370,손수막걸리,전북 전주시 완산구 중산로 20 1층 손수막걸리,,0507-1305-6237,,https://pcmap.place.naver.com/restaurant/1780923589/home
371,옛촌막걸리 나운동점,전북 군산시 하신1길 14 아와비,,0507-1409-8695,첫번째 두번째 가자미 계란후라이 전 ,https://pcmap.place.naver.com/restaurant/233725121/home
372,누룩 전주객사점,전북 전주시 완산구 전주객사2길 11 1층 누룩,,0507-1429-7401,,https://pcmap.place.naver.com/restaurant/1483090114/home
373,새참막걸리,전북 전주시 덕진구 권삼득로 233-1,,063-906-2155,생막걸리 첫주전자 알밤 첫주전자 소주2병 or 소주1+맥주1 닭볶음탕 닭똥집 홍어탕-대 홍어탕-소 홍어찜 조기구이 조기매운탕 두부김치 제육볶음 국물닭발 김치찌개 토종백숙,https://pcmap.place.naver.com/restaurant/38561982/home
374,김삿갓막걸리,전북 정읍시 청수3길 26-1 갈비하우스,,063-536-7003,,https://pcmap.place.naver.com/restaurant/17304188/home
375,소리마당,전북 전주시 덕진구 건지산로 53-1,,063-277-1869,참옻닭 묵은지닭볶음탕 한방백숙 고추튀김 비빔국수 ,https://pcmap.place.naver.com/restaurant/17040263/home
376,다정집,전북 전주시 완산구 상거마4길 25 (삼천동1가) 1층,,063-223-9116,커플상 가족상 스페셜 병치 삼합 ,https://pcmap.place.naver.com/restaurant/1463453753/home
377,물레방아막걸리,전북 전주시 완산구 거마산로 10,,063-221-3971,,https://pcmap.place.naver.com/restaurant/1091208046/home
378,옹심이전주1호점,전북 전주시 완산구 산월2길 28,,063-237-5281,,https://pcmap.place.naver.com/restaurant/20495950/home
379,술타령,충남 천안시 동남구 청수4로 16 2층,,041-556-9876,파전 ,https://pcmap.place.naver.com/restaurant/1340945169/home
380,누룩꽃피는날 홍성점,충남 홍성군 홍성읍 월산1길 26,,041-633-0886,모듬전 치즈듬뿍 불고기파전 해물듬뿍파전 싱싱 깻잎전 외할머니 보쌈 小 외할머니 보쌈 大 왕낙지해물 쫄면볶음 데리야끼 순살 닭 떡볶음 순살치즈철판 닭갈비 한근 제육볶음 철판순대곱창볶음 김치 돼지고기 두루치기 치즈 불닭볶음면 왕낙지 해물짬뽕탕 스팸부대찌개 ,https://pcmap.place.naver.com/restaurant/37230743/home
381,정선생 천안두정점,충남 천안시 서북구 원두정5길 10 한윤리치빌,,041-555-3992,부추불고기 수육 냉채족발 두루치기 불오돌뼈볶음 불쭈꾸미볶음 골뱅이비빔 똥집볶음 두부김치 수제돈까스 정선생7형제튀김 왕새우튀김 대게살튀김 잔치잡채 옛날통닭,https://pcmap.place.naver.com/restaurant/31801587/home
382,솔뫼장터,충남 아산시 송악면 강당로 36,,041-544-7554,,https://pcmap.place.naver.com/restaurant/38326023/home
383,누룩꽃피는날 아산용화점,충남 아산시 용화로48번길 19-15,,041-548-8331,오징어튀김즉석떡볶이 나가사키통오징어백짬뽕탕 왕낙지 해물짬뽕탕 스팸부대찌개 얼큰 톡톡 알탕 푸짐 콩나물 불고기 추억의 참치찌개 해물 꼬치 어묵탕 스팸김치찌개 시원모듬조개탕 잔칫집 불낙전골 왕낙지 수제비 조개탕 맑은 어묵탕 ,https://pcmap.place.naver.com/restaurant/36030358/home
384,음봉양조장,충남 아산시 음봉면 음봉면로 28 충남 아산시 음봉면로 28,,041-543-2820,,https://pcmap.place.naver.com/restaurant/31248535/home
385,외암마을,충남 천안시 서북구 서부역10길 3,,041-592-1116,,https://pcmap.place.naver.com/restaurant/17661010/home
386,누룩꽃피는날 당진점,충남 당진시 시청1로 79,,041-354-5333,마약육전&비빔쫄면 새우완탕 닭다리봉&감자튀김 치즈듬뿍불고기파전 해물듬뿍파전 치즈듬뿍해물김치전 외할머니보쌈 왕낙지 해물쫄면볶음 데리야끼 순살 닭 떡볶음 순살치즈 철판 닭갈비 연탄불고기 김치돼지고기 두루치기 왕낙지 해물짬뽕탕 스팸 부대찌개 오징어 튀김즉석 떡볶이 ,https://pcmap.place.naver.com/restaurant/20958405/home
387,청석골,충남 천안시 서북구 쌍용14길 75,,041-577-5292,국산 홍어 중 홍어찜 간재미무침 중 수육 토종닭 ,https://pcmap.place.naver.com/restaurant/17400361/home
388,누룩꽃피는날 예천점,충남 서산시 호수공원6로 55,,041-681-6202,마약 육전&파채 해물듬뿍파전 치즈듬뿍 불고기파전 치즈듬뿍 해물김치전 싱싱깻잎전 오징어순대보쌈전 잔칫집불낙전골 왕낙지곱창전골 외할머니보쌈 왕낙지해물쫄면볶음 순살치즈철판닭갈비 쫄깃쫄깃야채동집볶음 데리야끼순살닭떡볶음 김치돼지고기두루치기 철판순대깻잎볶음 ,https://pcmap.place.naver.com/restaurant/700350428/home
389,삼거리주막,충남 천안시 동남구 천안대로 429-13 천안박물관,,041-551-6413,한우보양탕 떡만두국 도토리묵무침 해물파전 돼지보쌈 닭볶음탕 삼거리소머리국밥 장터소고기국밥 산채비빔밥 곤드레밥정식 굴밥정식 ,https://pcmap.place.naver.com/restaurant/32505149/home
390,술담,충남 천안시 동남구 수곡2길 17 성산빌딩,,041-576-7352,홍어삼합 모듬전 해물김치전 해물부추전 돼지김치찌개 ,https://pcmap.place.naver.com/restaurant/37348430/home
391,청담주막,충남 천안시 동남구 서부대로 257-13,,041-579-5622,,https://pcmap.place.naver.com/restaurant/1750698088/home
392,아산동막골,충남 아산시 배방읍 호서로 90 대판,,0507-1434-1818,,https://pcmap.place.naver.com/restaurant/21311325/home
393,성광주조,충남 당진시 순성면 봉소길 41,,0507-1407-2123,미담막걸리 1박스(20입),https://pcmap.place.naver.com/restaurant/19542120/home
394,백제인주조,충남 청양군 장평면 안터골길 6-1 장평양조장,,041-943-9464,구기토주 ,https://pcmap.place.naver.com/restaurant/20771306/home
395,부치미,충남 당진시 청룡길 48,,041-358-9792,,https://pcmap.place.naver.com/restaurant/1214612092/home
396,청송얼음골막걸리,충남 부여군 부여읍 사비로99번길 8-5,,041-834-6256,,https://pcmap.place.naver.com/restaurant/17568442/home
397,구름에달가듯,충남 당진시 송악읍 신복운로4길 6-31 구름에달가듯,,041-357-2003,,https://pcmap.place.naver.com/restaurant/17705108/home
398,맛터,충남 천안시 동남구 충절로 203 필텔레콤,,0507-1309-3353,꿀막걸리 크림막걸리 요구르트막걸리 카카오막걸리 바나나막걸리 ,https://pcmap.place.naver.com/restaurant/21103363/home
399,돌멩이,충남 홍성군 홍북읍 청사로174번길 17 청담프라자ll 115호 돌멩이,,041-633-4117,,https://pcmap.place.naver.com/restaurant/1939803411/home
400,청송얼음막걸리 배방점,충남 아산시 배방읍 배방로173번길 28-17,,041-534-7811,,https://pcmap.place.naver.com/restaurant/17204868/home
401,만땅주점,충남 천안시 동남구 통정10로 69-8,,0507-1407-7827,해물파전 ,https://pcmap.place.naver.com/restaurant/645454102/home
402,통막걸리,충남 서산시 석림3로 23,,041-666-0545,,https://pcmap.place.naver.com/restaurant/1106049581/home
403,홍박,"충남 천안시 서북구 불당21로 67-21 엘림프라자 3층 301,302호",,041-566-4535,소주 ,https://pcmap.place.naver.com/restaurant/1586708495/home
404,쌍복,부산 부산진구 중앙대로680번가길 81 2층 쌍복,,051-809-8807,통삼겹 국물김치찜 김치찜 메밀면Set 고기가지튀김 느린마을 생 막걸리 설하담 Do u know? Just enjoy 붉은원숭이 ,https://pcmap.place.naver.com/restaurant/1770818285/home
405,무언막걸리,부산 중구 부평2길 27 지하 무언막걸리,,051-231-3370,한우양지만두전골 무언삼합(제육두부김치) 한우육회 크림치즈곶감 감자채전 따뜻한 두부와 젓갈 ,https://pcmap.place.naver.com/restaurant/1167315818/home
406,내고향장승골,부산 부산진구 중앙대로680번가길 29,,051-808-1155,,https://pcmap.place.naver.com/restaurant/16444668/home
407,바보주막,부산 부산진구 새싹로 21-7,,051-805-3800,감자채 피자(언저리 메뉴) 주막물회(계절) 시장막회 땡초부추전 먹태 조개탕 녹두전(빈대떡) 조기매운탕 봉하막걸리 오뎅탕 골뱅이무침 꼬막(계절) 계란말이(언저리메뉴) 가오리찜 두부김치 ,https://pcmap.place.naver.com/restaurant/21428955/home
408,한술당,부산 동래구 충렬대로179번길 27-8,,051-926-2498,한술당전골 한우육회 전통주조개술찜&파스타 국물스지수육 수비드오겹살&비빔국수 소고기육전 골뱅이소면무침 명란크림리조또 ,https://pcmap.place.naver.com/restaurant/1186347161/home
409,초막,부산 연제구 토곡로 5,,051-753-1216,돼지두루치기 야채/김치 닭불갈비 빈대떡 김치전 계란말이 해물파전 도토리묵 오삼불고기 가오리찜 가오리무침 골뱅이무침 오징어무침 닭도리탕 김치전골 오징어볶음 ,https://pcmap.place.naver.com/restaurant/38276314/home
410,교동전선생 부산시청점,부산 연제구 시청로 26,,051-868-8898,김치찌개정식 된장찌개정식 순두부찌개정식 ,https://pcmap.place.naver.com/restaurant/21908743/home
411,솔마루,부산 해운대구 달맞이길 8 11 언덕위의 집 에이동,,051-747-5888,"해물파전 빈대떡 두부김치,오뎅탕,알탕,가오리무침,골뱅이무침 각 열무국수 비빔국수 ",https://pcmap.place.naver.com/restaurant/17011019/home
412,천탁,부산 남구 용소로8번길 46 천탁,,0507-1403-2656,막걸리 ,https://pcmap.place.naver.com/restaurant/38009018/home
413,달,부산 북구 만덕대로40번길 17,,051-335-5654,모듬전 소고기육전 반반전 모듬전+볶음 모듬전+어묵탕 모듬전+무침 ,https://pcmap.place.naver.com/restaurant/36538454/home
414,덕분에,부산 중구 광복로37번길 6 2층 덕분에,,051-246-7022,홍어삼합 수육 두부수육 육회 치즈불고기 ,https://pcmap.place.naver.com/restaurant/20406410/home
415,조선칼국수와통막걸리,부산 동래구 명륜로129번가길 6-5,,051-555-3515,바지락칼국수 육개장칼국수(밥) 해물매운칼국수 비빔칼국수 냉콩칼국수(국수) 조선 칼국수 조선 계란말이 조선 김치전 조선 감자전 ,https://pcmap.place.naver.com/restaurant/1356929885/home
416,천탁 경성부경대 3호점,부산 남구 용소로13번길 26 1층 천탁,,010-9938-4667,치즈김치전 게살계란탕 파전 부추전 김치전 ,https://pcmap.place.naver.com/restaurant/1050761950/home
417,교동전선생 부산서면1호점,부산 부산진구 부전로 42,,051-645-8644,교동SET A 교동SET B 육전 모듬전 해물파전 굴전 동굴전(동태+굴) 땡굴전(동그랑땡+굴) 깨순이(깻잎+순대) 동동전(동그랑땡+동태) 동그랑땡 동태전 감자전 땡초부추전 김치전 ,https://pcmap.place.naver.com/restaurant/21908713/home
418,미도부침개한판막걸리한통,부산 연제구 월드컵대로111번길 6-11,,051-864-8486,부추전 해물파전 녹두빈대떡 고갈비 껍데기 닭똥집 두부김치 도토리무침 오징어무침 가오리무침 오뎅탕 동태탕 매운탕 가오리찜 두루치기 ,https://pcmap.place.naver.com/restaurant/1907578057/home
419,천탁 부경대점,부산 남구 용소로21번길 61 금호빌라 1층,,0507-1437-1718,치즈김치전 게살계란탕 오징어무침 양념고갈비 매운무뼈닭발 땡초해물파전(새우+오징어) 통마늘똥집볶음 ,https://pcmap.place.naver.com/restaurant/1264022971/home
420,달마루,부산 중구 광복로6번길 7-1,,051-247-9555,닭도리탕 만두계란탕 두루치기 해물파전 양념꼬막 순대볶음 갈릭버터새우 묵은지삼겹살 알탕 오뎅탕 김치찌개 두부김치 계란말이 ,https://pcmap.place.naver.com/restaurant/16425555/home
421,찌짐과막걸리집,부산 강서구 명지오션시티8로30번길 20,,010-2447-3988,땡초정구지지짐 ,https://pcmap.place.naver.com/restaurant/37983744/home
422,단비,"부산 기장군 정관읍 구연방곡로 106 402동 133, 134호",,051-727-1358,,https://pcmap.place.naver.com/restaurant/1114599722/home
423,전술꽃,부산 북구 의성로122번길 56-1 1층 전술꽃,,051-337-0106,모듬전 한우밀푀유나베 한우육전 해물파전 빈대떡 베이컨치즈감자전 오징어김치전 오징어초무침소면 두부김치 돼지두루치기 쇼가야끼 (돼지고기생강구이) 홍합바지락탕 오뎅탕 해물순두부찌개 간장계란밥 ,https://pcmap.place.naver.com/restaurant/132889224/home
424,4대조선막걸리,부산 사하구 다송로72번길 57,,051-262-9244,,https://pcmap.place.naver.com/restaurant/1278514685/home
425,연막걸리,부산 부산진구 범일로142번길 55,,,과메기+생굴 꼬막+홍합 꼬막 홍합탕 화채 고등어구이 조기구이 명태·가오리찜 오징어철판 낙지철판 쭈꾸미철판 두루치기철판우동 오징어+삼겹+새우 낙지+삼겹+새우 돼지·바짝불고기 ,https://pcmap.place.naver.com/restaurant/1892761047/home
426,동백1917,부산 수영구 민락수변로239번길 8 1층,,0507-1394-1917,하동도토리묵구이 치즈감자전 명란구이 들기름 두부김치 이베리코수육(예약) 부산어묵탕 오븐구이 먹태 ,https://pcmap.place.naver.com/restaurant/1076102542/home
427,뚜레박,부산 부산진구 대학로 69,,051-891-6725,,https://pcmap.place.naver.com/restaurant/21501463/home
428,꽃다지,부산 사하구 낙동대로536번길 11,,051-207-9021,,https://pcmap.place.naver.com/restaurant/1745792311/home
429,강림통술 1호점,경남 창원시 마산합포구 오동북15길 30 1층,,055-3535-3535,2인상 3인상 4인상 5인상 간장게장 (포장) 물회 (추가안주) 찌짐이 (추가안주) 미역국,https://pcmap.place.naver.com/restaurant/1166069045/home
430,비엔나실비,경남 사천시 벌리9길 23 2층,,055-832-5442,,https://pcmap.place.naver.com/restaurant/15073282/home
431,한옥산에산에,경남 창원시 마산합포구 완월북10길 5-1,,055-243-3232,흙멧돼지수육 오삼불고기 해물철판 오뎅탕 해물파전 고갈비 두부김치 도토리묵 쭈꾸미무침 가자미구이 ,https://pcmap.place.naver.com/restaurant/11862679/home
432,이심,경남 창원시 성산구 창이대로460번길 11 2층,,0507-1341-5126,이심수육 이심전골 미소조개술국(찜) 새우감자채전 로제크림수제비 꽃게반 조개반 순두부찌개 부추방아오징어전 들기름명란파스타 ,https://pcmap.place.naver.com/restaurant/1617814533/home
433,온도,경남 통영시 북신시장1길 19 한선빌딩6층,,0507-1382-4799,유린기 차돌박이오뎅탕 김치전 회무침 ,https://pcmap.place.naver.com/restaurant/1923378996/home
434,정선생 김해인제대점,경남 김해시 인제로200번길 2,,055-339-3895,오막콤보 쭈막콤보 크림감자콤보 크림불닭콤보 크림소세지콤보 케이준치킨샐러드 불막창볶음 왕새우구이 옛날통닭 치즈양념감자 윙&봉튀김 닭갈비살 튀김 어묵탕 계란꽃게탕 얼큰꽃게탕 ,https://pcmap.place.naver.com/restaurant/31927583/home
435,산에산에,경남 창원시 마산합포구 완월남3길 73,,055-222-2582,고갈비 두부김치 해물파전 명태전 도토리묵 ,https://pcmap.place.naver.com/restaurant/1090171088/home
436,막리단길 진주하대점,경남 진주시 도동로 238 1층,,055-752-9282,막리단길 한상쟁반 돼지고기파전 고기김치전 해물파전 ,https://pcmap.place.naver.com/restaurant/1294511534/home
437,태백이주막 산호점,경남 창원시 마산합포구 산호시장길 51,,0507-1418-9135,한우생육회 대구뽈찜 통 가오리찜 과메기 ,https://pcmap.place.naver.com/restaurant/15247762/home
438,풍경소리,경남 진주시 평거로18번길 5,,055-745-4663,국내산 홍어삼합 해물파전 구롱포 과메기 가오리 회무침 동태탕 두부김치 두부수육김치 닭도리탕 오뎅탕 서대구이 명태조림 부대찌개 ,https://pcmap.place.naver.com/restaurant/15511295/home
439,전에그집,경남 양산시 양산역로 73 1층 103동,,0507-1321-1732,육전 감자전 김치전 해물파전 해물땡초부추전 떙초스지오뎅탕 개운한동태탕 찰순대곱창전골 떙초김치찌개 ,https://pcmap.place.naver.com/restaurant/1453804089/home
440,지리산찹쌀동동주,경남 진주시 도동로247번길 9,,055-752-7579,,https://pcmap.place.naver.com/restaurant/15477771/home
441,정선생 창원대점,경남 창원시 의창구 퇴촌로 31 일성빌딩,,055-283-6789,,https://pcmap.place.naver.com/restaurant/31038328/home
442,토방,경남 김해시 진영읍 김해대로407번길 9,,055-346-3717,해물파전 땡초부추전 감자빈대떡 육전 명태전 ,https://pcmap.place.naver.com/restaurant/21588502/home
443,막리단길 고성점,경남 고성군 고성읍 중앙로43번길 8 2층,,0507-1339-9409,쟁반술상 ,https://pcmap.place.naver.com/restaurant/1416960155/home
444,북촌민속주점,경남 양산시 동면 금오10길 10-1,,055-381-5046,,https://pcmap.place.naver.com/restaurant/37126838/home
445,형제봉주막,경남 하동군 악양면 입석길 40-1 1층,,010-8025-3302,,https://pcmap.place.naver.com/restaurant/33001607/home
446,사랑채,경남 창원시 마산합포구 교방북2길 35,,055-222-2700,낙지볶음 찜닭 닭도리탕 가오리무침 골뱅이무침 오리훈제 무뼈닭발 오•똥볶음 두부김치 고갈비 해물파전 해물부추전 굴전 과메기 소 낙지탕 ,https://pcmap.place.naver.com/restaurant/37905015/home
447,장금이왕빈대떡,경남 진주시 강변길10번길 31,,055-753-3858,옛날빈대떡 왕빈대떡 모듬전 소고기육전 가오리무침 해물파전 부추전 ,https://pcmap.place.naver.com/restaurant/20066520/home
448,이현동 옛날주막,경남 진주시 서장대로 292-1 1층 이현동 옛날주막,,055-743-5552,해물파전 홍어삼합 명태찜 한우육전 두부김치 소고기전골 닭곱창전골 닭볶음탕 김치찌개 돼지수육 두루치기 고추전 나막스(1마리) 알탕 어우동,https://pcmap.place.naver.com/restaurant/21060840/home
449,정선생삼문점,경남 밀양시 미리벌중앙로3길 12-6,,0507-1468-1379,,https://pcmap.place.naver.com/restaurant/446167549/home
450,쌍둥이통술,경남 창원시 마산합포구 오동북19길 15,,055-242-7522,,https://pcmap.place.naver.com/restaurant/15267223/home
451,원조일미집,강원 원주시 천사로 33,,0507-1473-1033,해물 크림 파스탕 일미 꼬막 비빔밥 일미 대창전골 일미 꽃전골 일미 모듬전 딸기막걸리 한우 스지전골 두부김치 감자전 크림치즈 곶감말이 일미 육전 얼그레이 하이볼 바질토마토 하이볼 바나나막걸리 오징어순대 ,https://pcmap.place.naver.com/restaurant/1693825499/home
452,석사왕막걸리,강원 춘천시 후석로59번길 16-14,,033-262-3397,통 갈매기살 돼지목살 생 돼지막창 뼈없는닭발 돼지껍데기 닭똥집 계란탕 음료 및 주류 소염통 김치비빔국수 돼지뒷고기 돼지부속고기 ,https://pcmap.place.naver.com/restaurant/15105307/home
453,주원,강원 춘천시 춘천로204번길 54-1 지하1층,,0507-1317-5783,생과일막걸리 해물파전 김치전 감자전 치즈김치전 두부김치 부대찌게 골뱅이소면무침 매콤제육볶음 닭똥집볶음 어묵탕 동그랑땡 생과일소주 ,https://pcmap.place.naver.com/restaurant/1785247741/home
454,백년전,강원 원주시 치악고교길 48,,033-764-4052,묵은지손두부전골 소 묵은지손두부전골 대 손두부전골 소 손두부전골 대 비지전골 소 비지전골 대 모두부 두부들기름구이 두부보쌈 두부김치 수제돈까스 닭볶음탕 해물파전 해물김치전 감자전 ,https://pcmap.place.naver.com/restaurant/699160087/home
455,천태만상 동해점,강원 동해시 청운1길 55-1 협성재래식상가(3차),,033-521-1226,골뱅이소면 가오리무침 홍어무침 낙지소면 오삼불고기 벌교꼬막무침 문어두루치기 문삼두루치기 오삼불고기 제육볶음 해산물 특 해산물 모듬 멍게 전복 문어연포탕 중 ,https://pcmap.place.naver.com/restaurant/15413782/home
456,민요,강원 강릉시 하평3길 37 일송상가 120호 민요,,0507-1328-0113,육사시미 육회 순두부 찌개 골뱅이소면 제육볶음 육전 해물파전 먹태 감자전 메밀전병 ,https://pcmap.place.naver.com/restaurant/1358767110/home
457,바틀준쓰,강원 강릉시 초당원길 71-20,,0507-1318-4156,바틀준쓰 ,https://pcmap.place.naver.com/restaurant/1028710276/home
458,서정도가,강원 동해시 동굴로 119 서정도가,,0507-1396-0331,장작구이 통삼겹 BBQ 서정도가 수제 생막걸리 닭볶음탕 닭볶음탕 곱빼기 국물닭발 (2인) 반계 누룽지탕 육전 녹두빈대떡 해물파전 녹두+육전세트 두부구이 동태매운탕 어묵탕 홍합탕 계란탕,https://pcmap.place.naver.com/restaurant/1463050657/home
459,수미골,강원 강릉시 하슬라로206번길 19-16,,033-655-8892,골뱅이숙회 전복소라숙회 ,https://pcmap.place.naver.com/restaurant/15311728/home
460,평창손왕정막걸리,강원 춘천시 효자로14번길 9 1층,,033-263-7730,반반전 소고기육전 해물파전 제육두부구이 제육볶음 오징어숙회 골뱅이무침 홍어삼합 코다리조림 추억의 소세지전 구룡포과메기 잡탕찌개 벌교꼬막 ,https://pcmap.place.naver.com/restaurant/1793419654/home
461,북산집,강원 춘천시 영서로 2352-25 풍물시장,,033-243-9721,모듬전 홍합탕 전병(촌떡) 장떡 녹두빈대떡 메밀전 감자전 부들전 동그랑땡 가오리 찜 꼼장어볶음 북어찜 두부구이 두부찌개 메밀칼국수 ,https://pcmap.place.naver.com/restaurant/19723266/home
462,맛깔나는집,강원 춘천시 동광길 11,,033-256-1323,닭볶음탕 부대찌개 두부찌개 동태찌개 오삼불고기 오징어무침 두부구이 파전 김치전 감자전 오징어숙회 두부김치 제육볶음 야채장떡 호박막전 ,https://pcmap.place.naver.com/restaurant/15141144/home
463,김씨네막걸리,강원 삼척시 척주로 59,,033-573-2918,,https://pcmap.place.naver.com/restaurant/19701862/home
464,어와둥둥,강원 동해시 평릉길 28,,0507-1400-8329,구룡포과메기 햇생굴 보리새우무침 골뱅이소면 해물파전 모듬전 콩나물매운명태찜 ,https://pcmap.place.naver.com/restaurant/13477797/home
465,황토주막,강원 춘천시 백령로75번길 2,,033-251-8558,후라이드치킨 양념치킨 마늘간장치킨 치즈스노우치킨 닭똥집 ,https://pcmap.place.naver.com/restaurant/1004131683/home
466,석사왕막걸리만천점,강원 춘천시 동면 만천로 175,,0507-1311-3397,통 갈매기살 200g 김치빔국수 돼지뒷고기 200g 돼지목살 200g 생 돼지막창 200g 돼지껍데기 200g 닭똥집 200g 계란탕,https://pcmap.place.naver.com/restaurant/1657386850/home
467,일번지막걸리,강원 화천군 화천읍 중앙로2길 31-8,,,,https://pcmap.place.naver.com/restaurant/43769586/home
468,청파동,강원 춘천시 삭주로 33-1,,0507-1329-9853,골뱅이무침 소라숙회 부대찌개 해물떡볶이 두부전골 불고기 육전 김치전/감자채전 순두부 짬뽕탕 돼지고기 김치짜글이 김치우동 ,https://pcmap.place.naver.com/restaurant/1434255909/home
469,빙고주막,강원 강릉시 임영로 45-1,,033-644-4835,주물럭 묵은지찜 중 묵은지찜 대 닭볶음탕 중 닭볶음탕 대 ,https://pcmap.place.naver.com/restaurant/15338842/home
470,고을노적주막거리,강원 화천군 화천읍 산수화로 13,,033-442-8778,,https://pcmap.place.naver.com/restaurant/32208436/home
471,타박네,강원 춘천시 삭주로 106,,033-255-8753,,https://pcmap.place.naver.com/restaurant/15141140/home
472,다래전마당,강원 춘천시 안마산로 203,,0507-1373-1972,"모듬전 뼈닭발(매운맛, 순한맛) 해물파전 메밀전병 낙지볶음 임연수 동태찌개 생선전 전전골 부대찌개 김치찌개 두부찌개 참치찌개 굴전 부추해물전 ",https://pcmap.place.naver.com/restaurant/20144458/home
473,잔잔,강원 태백시 먹거리길 86,,033-552-5152,,https://pcmap.place.naver.com/restaurant/1053484139/home
474,구종점동동주,강원 태백시 먹거리길 120,,033-553-0195,,https://pcmap.place.naver.com/restaurant/1217673650/home
475,그집막걸리,강원 동해시 샘실3길 12,,033-521-4579,,https://pcmap.place.naver.com/restaurant/32526446/home
476,길모퉁이,강원 삼척시 봉황로 9-22,,033-574-5428,생두부 두부조림 계란말이 두루치기 꽁치구이 고등어 김치전 오징어볶음 돼지껍데기 닭발 도루묵구이 두부김치 도루묵조림 가자미조림 닭볶음 ,https://pcmap.place.naver.com/restaurant/15025622/home
477,향원지짐이,강원 원주시 삼광1길 27-5,,033-746-7363,파전 육전 녹두전 감자전 김치전 ,https://pcmap.place.naver.com/restaurant/15238975/home
478,천태만상,강원 속초시 먹거리4길 40,,033-635-0054,,https://pcmap.place.naver.com/restaurant/19718359/home
479,민들레주막,강원 원주시 늘품로 187-58,,033-742-9323,,https://pcmap.place.naver.com/restaurant/1603201835/home
480,오랍드리,강원 화천군 사내면 사내로 10-15 T2B.나들목기사식당.이태리안경원.라푼첼,,0507-1382-9792,해물파전 두부김치 골뱅이무침 닭똥집 닭발 계란찜 ,https://pcmap.place.naver.com/restaurant/1937370064/home
481,막걸리카페봄봄,강원 춘천시 서부대성로48번길 12,,,,https://pcmap.place.naver.com/restaurant/1179178065/home
482,북평주막,강원 동해시 오일장길 10 전통주막촌,,033-522-5199,오징어숙회 머리고기 해물부추전 ,https://pcmap.place.naver.com/restaurant/37057580/home
483,화사랑,제주 제주시 서광로32길 10,,064-724-3888,"부대찌개, 닭도리탕, 돼지고기 주물럭, 골뱅이 소면, 모듬소시지, 두부김치, 굴파전","https://map.naver.com/v5/search/%EC%A0%9C%EC%A3%BC%EB%8F%84%20%EC%A0%84%ED%86%B5%EC%A3%BC%EC%A0%90/place/16715190?c=14034496.0058226,3961809.3739593,9.24,0,0,0,dh&placePath=%3Fentry%253Dbmp"
484,김만덕객주,제주 제주시 건입동 1297,,064-727-8800,"몸 국, 고사리육개장, 해물파전, 김치찌개, 고기국수, 잔치국수, 비빔국수, 고등어구이, 돔베고기, 두부김치, 골뱅이무침, 제육볶음","https://map.naver.com/v5/search/%EC%A0%9C%EC%A3%BC%EB%8F%84%20%EC%A0%84%ED%86%B5%EC%A3%BC%EC%A0%90/place/193320060?c=14034942.0249145,3964073.4007823,9.24,0,0,0,dh&placePath=%3Fentry%253Dbmp"
485,물팡과허벅,제주 제주시 원노형로 35 송우수자인아파트,,064-726-6788,"전복해물파전, 굴탕, 두부김치, 해물파전","https://map.naver.com/v5/search/%EC%A0%9C%EC%A3%BC%EB%8F%84%20%EC%A0%84%ED%86%B5%EC%A3%BC%EC%A0%90/place/37323028?c=14029691.5456706,3959935.3717554,9.24,0,0,0,dh&placePath=%3Fentry%253Dbmp"
486,우도땅콩막걸리카페펍,제주 제주시 우도면 우도비양길 10,,0507-1328-8335,우도땅콩생막걸리와 땅콩두부김치,"https://map.naver.com/v5/search/%EC%A0%9C%EC%A3%BC%EB%8F%84%20%EC%A0%84%ED%86%B5%EC%A3%BC%EC%A0%90/place/1551572044?c=14082004.0094395,3962947.9048516,9.24,0,0,0,dh&placePath=%3Fentry%253Dbmp"
487,엉또민속주점,제주 서귀포시 신서귀로97번길 84 성산연립주택,,064-739-9292,"골뱅이/가오리 무침, 두부김치, 한치볶음, 수제 소세지구이, 과메기, 해물파전, 고기,해물 김치전 오뎅탕, 닭도리탕, 얼큰 뼈없는 닭발, 얼큰 돼지, 똥집 소금 구이, 부대찌개","https://map.naver.com/v5/search/%EC%A0%9C%EC%A3%BC%EB%8F%84%20%EC%A0%84%ED%86%B5%EC%A3%BC%EC%A0%90/place/16930752?c=14031969.1140427,3928691.2045089,9.24,0,0,0,dh&placePath=%3Fentry%253Dbmp"
488,학고재,제주 제주시 남성로26길 37,,064-723-6755,"굴파전, 해물파전, 두부김치, 제육볶음, 골뱅이무침, 동태찌개","https://map.naver.com/v5/search/%EC%A0%9C%EC%A3%BC%EB%8F%84%20%EC%A0%84%ED%86%B5%EC%A3%BC%EC%A0%90/place/16733971?c=14034090.1970388,3962713.4147448,9.24,0,0,0,dh&placePath=%3Fentry%253Dbmp"
489,또바기,제주 제주시 정존13길 21 창신주택,,064-749-5348,"닭도리탕, 해물빈대떡, 돼지고기 김치전, 해물빈대떡, 오징어 김치전, 동태알탕, 녹두빈대떡","https://map.naver.com/v5/search/%EC%A0%9C%EC%A3%BC%EB%8F%84%20%EC%A0%84%ED%86%B5%EC%A3%BC%EC%A0%90/place/36646873?c=14028697.1675088,3960029.8412675,9.24,0,0,0,dh&placePath=%3Fentry%253Dbmp"
490,청송얼음막걸리 동흥점,제주 서귀포시 동홍중앙로 73 청송얼음골막걸리,,064-762-6776,"추억의 도시락, 홍합한사발, 해물라면, 굴먹은해물파전","https://map.naver.com/v5/search/%EC%A0%9C%EC%A3%BC%EB%8F%84%20%EC%A0%84%ED%86%B5%EC%A3%BC%EC%A0%90/place/13419600?c=14039366.1746443,3929496.6649024,9.24,0,0,0,dh&placePath=%3Fentry%253Dbmp"
491,녹두네,제주 제주시 원노형로 42,,064-713-4620,,"https://map.naver.com/v5/search/%EC%A0%9C%EC%A3%BC%EB%8F%84%20%EC%A0%84%ED%86%B5%EC%A3%BC%EC%A0%90/place/16801064?c=14029658.6126375,3959859.8362445,9.24,0,0,0,dh&placePath=%3Fentry%253Dbmp"
492,청둥소리,제주 제주시 원남6길 5,,064-723-9200,,"https://map.naver.com/v5/search/%EC%A0%9C%EC%A3%BC%EB%8F%84%20%EC%A0%84%ED%86%B5%EC%A3%BC%EC%A0%90/place/16813816?c=14034648.0074963,3960364.7934534,9.24,0,0,0,dh&placePath=%3Fentry%253Dbmp"
